Place,County,Population,Density,PerCapitaIncome,MedianIncome1,MedianIncome2
ACALANES RIDGE,Contra Costa,1226,2659.4,62314,160000,190104
ACAMPO,San Joaquin,776,827.3,36756,141250,NA
ACTON,Los Angeles,6956,177.2,39131,92245,99448
ADELANTO,San Bernardino,31773,567.3,9998,35262,35537
ADIN,Modoc,215,62.6,15452,29583,60083
AGOURA HILLS,Los Angeles,20630,2647.2,50242,107268,118673
AGUA DULCE,Los Angeles,2898,126.8,37538,88864,102989
AGUANGA,Riverside,897,66,26330,50213,52420
AHWAHNEE,Madera,2165,216,34915,59129,69583
AIRPORT,Stanislaus,1547,2639.9,11709,21607,32292
ALAMEDA,Alameda,75763,7255.6,42331,76439,93427
ALAMO,Contra Costa,15639,1617.4,77281,163151,171633
ALBANY,Alameda,19020,10637.6,40426,78769,91967
ALBION,Mendocino,295,162.5,23881,12209,62500
ALDERPOINT,Humboldt,255,105,13177,32688,NA
ALHAMBRA,Los Angeles,84400,11060.1,24971,53195,57056
ALHAMBRA VALLEY,Contra Costa,499,375.5,41738,62000,80729
ALISO VIEJO,Orange,49437,7145.1,44986,102325,122390
ALLEGHANY,Sierra,115,329.5,15316,37663,NA
ALLENDALE,Solano,1613,262.9,50026,123125,145799
ALLENSWORTH,Tulare,480,154.7,7966,25625,19250
ALMANOR,Plumas,0,0,NA,NA,NA
ALONDRA PARK,Los Angeles,8833,7979.2,21583,55263,57944
ALPAUGH,Tulare,969,964.2,9919,26927,26776
ALPINE,San Diego,14580,544.4,37365,78433,92257
ALPINE VILLAGE,Alpine,105,37.4,27154,66458,115417
ALTA,Placer,369,154.8,29864,55833,61389
ALTADENA,Los Angeles,44622,5120.7,42089,83917,94886
ALTA SIERRA,Nevada,6902,829.5,34823,68792,78983
ALTO,Marin,678,5381,73358,62235,106103
ALTURAS,Modoc,2714,1114.6,21118,31087,55363
ALUM ROCK,Santa Clara,10992,12947,20466,70202,71050
AMADOR CITY,Amador,164,522.3,42554,48750,52500
AMERICAN CANYON,Napa,20089,3303.6,28451,81955,89954
AMESTI,Santa Cruz,3213,1074.2,19677,48617,52031
ANAHEIM,Orange,342973,6862.6,23990,59707,63281
ANCHOR BAY,Mendocino,254,72.3,39850,34191,85650
ANDERSON,Shasta,10066,1579.7,17414,35225,45599
ANGELS,Calaveras,3782,1042.4,31306,55114,73229
ANGWIN,Napa,3583,742,21387,66765,72813
ANTELOPE,Sacramento,47798,6993.1,23808,64122,68510
ANTIOCH,Contra Costa,105630,3728.6,25499,65770,73023
ANZA,Riverside,2356,85.4,20347,39489,60208
APPLE VALLEY,San Bernardino,70561,947.9,23543,48337,54646
APTOS,Santa Cruz,5872,912.9,39214,78929,91920
APTOS HILLS-LARKIN VALLEY,Santa Cruz,1808,195.5,36420,74185,86310
ARBUCKLE,Colusa,3009,1710.6,15611,47639,50431
ARCADIA,Los Angeles,57251,5240.4,38582,80147,93635
ARCATA,Humboldt,17679,1944.5,18681,30244,45728
ARDEN-ARCADE,Sacramento,92844,5207.5,31469,45750,60601
ARMONA,Kings,3531,1854.5,11790,38622,41711
ARNOLD,Calaveras,2728,184.5,33988,58688,78353
AROMAS,MontereySan Benito,2677,565.2,30316,67019,81080
ARROYO GRANDE,San Luis Obispo,17536,3006.3,32351,63558,81883
ARTESIA,Los Angeles,16698,10301,21688,60544,62485
ARTOIS,Glenn,194,67.4,10773,60096,60481
ARVIN,Kern,20028,4156,10582,35359,34809
ASHLAND,Alameda,23360,12709.5,18959,45074,48571
ASPEN SPRINGS,Mono,54,15.1,43841,NA,NA
ATASCADERO,San Luis Obispo,28792,1119.7,32602,66342,77998
ATHERTON,San Mateo,7034,1398.7,144197,NA,NA
ATWATER,Merced,28686,4691.9,18663,41619,45281
AUBERRY,Fresno,2347,122.6,24603,50221,60066
AUBURN,Placer,13690,1913.6,36104,54085,77027
AUBURN LAKE TRAILS,El Dorado,3839,301.6,36145,93833,115853
AUGUST,San Joaquin,8479,6777.8,10941,28518,33083
AVALON,Los Angeles,3768,1283.8,28545,54231,56765
AVENAL,Kings,14553,749.3,7532,29302,29932
AVERY,Calaveras,674,149.7,21169,31719,36667
AVILA BEACH,San Luis Obispo,1166,194,43153,73304,74821
AVOCADO HEIGHTS,Los Angeles,15432,5702.9,22076,72174,74382
AZUSA,Los Angeles,47420,4910.9,18159,52087,57131
BAKER,San Bernardino,916,340.8,13559,36838,38063
BAKERSFIELD,Kern,358700,2414.7,23786,56842,61994
BALDWIN PARK,Los Angeles,76411,11523.3,15419,51189,51599
BALLARD,Santa Barbara,323,273.7,65977,87083,116250
BALLICO,Merced,333,110.2,22216,41250,73333
BANGOR,Butte,575,42.8,19272,39500,48409
BANNING,Riverside,30281,1310.9,20246,39556,46434
BARSTOW,San Bernardino,23110,559,18863,40648,48977
BASS LAKE,Madera,570,296,25752,36250,58438
BAY POINT,Contra Costa,21586,3280.5,17385,41749,42983
BAYVIEW,Contra Costa,2025,6639.3,29636,82431,95150
BAYVIEW,Humboldt,2408,3289.6,18175,26987,35987
BEALE AFB,Yuba,1342,132.9,16375,42904,42684
BEAR CREEK,Merced,197,3456.1,11585,16719,32800
BEAR VALLEY,Alpine,43,8.3,21109,75179,NA
BEAR VALLEY,Mariposa,201,27.8,10781,16042,11597
BEAR VALLEY SPRINGS,Kern,5058,121.9,38716,82761,97212
BEAUMONT,Riverside,39620,1279.4,26627,66775,75809
BECKWOURTH,Plumas,290,24.8,43100,52609,81351
BELDEN,Plumas,46,75.4,NA,NA,NA
BELL,Los Angeles,35896,14352.7,12031,36496,36390
BELLA VISTA,Shasta,2717,122.4,22187,52041,57586
BELL CANYON,Ventura,2289,632,81271,208508,215441
BELLFLOWER,Los Angeles,77521,12671,20213,49360,53023
BELL GARDENS,Los Angeles,42712,17369.7,11460,37103,36739
BELMONT,San Mateo,26503,5730.4,56302,106287,142446
BELVEDERE,Marin,2036,3922.9,119798,166250,181833
BENBOW,Humboldt,314,64.3,30828,47308,46779
BEND,Tehama,641,219.7,33164,74375,86964
BENICIA,Solano,27450,2123.1,43640,89094,113235
BEN LOMOND,Santa Cruz,6485,775.7,36066,70281,88986
BENTON,Mono,178,6.2,19566,26000,43468
BERKELEY,Alameda,115688,11053.7,42406,65283,114720
BERMUDA DUNES,Riverside,7719,2613.1,35103,60494,61940
BERRY CREEK,Butte,1292,22.6,22781,41287,52188
BERTSCH-OCEANVIEW,Del Norte,2568,468,17953,35678,48269
BETHEL ISLAND,Contra Costa,2158,386.5,30388,36845,72536
BEVERLY HILLS,Los Angeles,34536,6050.5,81788,87366,123636
BIEBER,Lassen,127,77.6,17413,42083,52083
BIG BEAR CITY,San Bernardino,12563,393.2,23024,43404,50346
BIG BEAR LAKE,San Bernardino,5104,804.2,30115,41058,47368
BIG BEND,Shasta,87,15.2,17511,23750,41750
BIG CREEK,Fresno,201,437,36270,82917,101250
BIGGS,Butte,2010,3160.4,16624,40847,42273
BIG LAGOON,Humboldt,142,237.1,27510,60179,92639
BIG PINE,Inyo,1612,545.7,26038,49750,61563
BIG RIVER,San Bernardino,1061,98,23785,23589,34750
BIOLA,Fresno,1017,1571.9,8090,26750,32333
BISHOP,Inyo,3851,2066,23661,30395,65142
BLACKHAWK,Contra Costa,9297,1602.7,85049,167875,195833
BLACKLAKE,San Luis Obispo,942,901.4,48044,71471,81917
BLACK POINT-GREEN POINT,Marin,1111,393,71770,117431,130893
BLAIRSDEN,Plumas,35,64.6,41300,11250,NA
BLOOMFIELD,Sonoma,373,45.8,40524,77955,122863
BLOOMINGTON,San Bernardino,25228,4213.8,14012,48985,48091
BLUE LAKE,Humboldt,1258,2121.4,25209,45750,58125
BLUEWATER,San Bernardino,174,195.1,26989,40417,42250
BLYTHE,Riverside,20101,767.5,15835,46393,48400
BODEGA,Sonoma,156,53.8,53951,29688,NA
BODEGA BAY,Sonoma,603,72.3,72541,86000,143333
BODFISH,Kern,1961,246,16580,20121,21861
BOLINAS,Marin,1403,240.8,50783,74310,115741
BOMBAY BEACH,Imperial,171,181.7,22526,15050,11875
BONADELLE RANCHOS-MADERA RANCHOS,Madera,8503,730.6,29845,77321,81735
BONITA,San Diego,13864,2763.4,34407,87666,99860
BONNY DOON,Santa Cruz,2752,164.9,46896,88221,104609
BONSALL,San Diego,4138,308.9,43006,69399,81711
BOONVILLE,Mendocino,1090,196.7,14796,35938,39632
BOOTJACK,Mariposa,959,137,19924,41683,54583
BORON,Kern,2241,162.4,15269,31333,31534
BORONDA,Monterey,1278,2323.6,13117,42333,42292
BORREGO SPRINGS,San Diego,2359,54.8,21464,36583,43750
BOSTONIA,San Diego,16460,8519.7,19252,42333,47347
BOULDER CREEK,Santa Cruz,4741,631.1,43381,79392,103583
BOULEVARD,San Diego,434,111.1,16235,12421,72943
BOWLES,Fresno,182,477.7,18409,31250,90833
BOYES HOT SPRINGS,Sonoma,7664,7237,26245,54788,56331
BRADBURY,Los Angeles,845,431.8,76472,112273,116667
BRADLEY,Monterey,127,1476.7,19103,53333,73500
BRAWLEY,Imperial,25478,3316.6,17700,41718,47344
BREA,Orange,40443,3316.9,35245,81857,98944
BRENTWOOD,Contra Costa,54062,3640.3,33357,88697,100925
BRET HARTE,Stanislaus,4998,9103.8,9379,28279,31389
BRIDGEPORT,Mono,761,35,28094,39118,107896
BRISBANE,San Mateo,4421,1428,40401,80233,96477
BROADMOOR,San Mateo,4734,10496.7,34328,100109,110160
BROOKDALE,Santa Cruz,2204,572.9,56819,84451,104817
BROOKTRAILS,Mendocino,3589,493.5,22821,48097,51250
BUCKHORN,Amador,2503,426.4,24548,49583,57595
BUCK MEADOWS,Mariposa,50,28.7,20440,NA,NA
BUCKS LAKE,Plumas,14,1.4,NA,NA,NA
BUELLTON,Santa Barbara,4924,3112.5,29597,59695,84267
BUENA PARK,Orange,82191,7809.9,24525,68884,72878
BUENA VISTA,Amador,284,175.1,21452,58419,49083
BURBANK,Los Angeles,104484,6025.3,33882,66111,82063
BURBANK,Santa Clara,5869,14563.3,28373,64592,65588
BURLINGAME,San Mateo,29618,6723.7,61062,90890,132210
BURNEY,Shasta,3172,610.5,19176,38214,43346
BURNT RANCH,Trinity,308,23,25077,55500,59028
BUTTE CREEK CANYON,Butte,805,39.3,47737,75417,81875
BUTTE MEADOWS,Butte,34,15.9,NA,NA,NA
BUTTE VALLEY,Butte,603,33,26612,52734,52813
BUTTONWILLOW,Kern,1371,197.9,13690,34274,32647
BYRON,Contra Costa,1305,201.1,29962,75673,60250
BYSTROM,Stanislaus,3805,5359.2,11583,25543,30474
CABAZON,Riverside,3266,671.2,12032,40144,33551
CALABASAS,Los Angeles,23956,1747.8,60703,117176,136724
CALEXICO,Imperial,39281,4550.6,12960,35233,40218
CALIFORNIA CITY,Kern,13243,65.1,22908,57660,61581
CALIFORNIA HOT SPRINGS,Tulare,74,98.9,23838,41250,83750
CALIFORNIA PINES,Modoc,367,49.4,16074,41518,74236
CALIMESA,Riverside,8143,548.5,24981,42392,61319
CALIPATRIA,Imperial,7599,2044.9,10352,30911,32135
CALISTOGA,Napa,5244,2018.5,33280,52131,83889
CALLENDER,San Luis Obispo,1537,672.4,29647,75200,77936
CALPELLA,Mendocino,424,167.1,22521,44000,54038
CALPINE,Sierra,189,266.2,32869,25938,126000
CALWA,Fresno,1330,2131.4,6559,18625,14219
CAMANCHE NORTH SHORE,Amador,947,406.1,33000,77375,83276
CAMANCHE VILLAGE,Amador,840,154.5,29831,86176,103214
CAMARILLO,Ventura,65985,3378.3,39689,87120,102201
CAMBRIA,San Luis Obispo,6246,734.1,40857,62948,82656
CAMBRIAN PARK,Santa Clara,3318,5567.1,46468,101406,112500
CAMERON PARK,El Dorado,18831,1695.4,35469,74690,86690
CAMINO,El Dorado,1833,814.7,35973,72383,81477
CAMINO TASSAJARA,Contra Costa,1789,1404.2,64980,142371,155948
CAMPBELL,Santa Clara,40327,6948.1,44769,91269,103539
CAMP NELSON,Tulare,100,80.8,46972,84107,84107
CAMPO,San Diego,3031,129.1,28810,59294,75272
CAMP PENDLETON NORTH,San Diego,6436,726.9,17566,37075,37075
CAMP PENDLETON SOUTH,San Diego,12691,3243.3,15779,43742,43568
CAMPTONVILLE,Yuba,150,175.6,21369,28750,47917
CANBY,Modoc,693,305.6,11576,41932,41932
CANTUA CREEK,Fresno,440,115.9,9890,31181,31181
CANYONDAM,Plumas,78,100.5,18027,NA,NA
CANYON LAKE,Riverside,10810,2764,34925,74682,79561
CAPITOLA,Santa Cruz,10043,6304.5,37940,56607,81133
CARIBOU,Plumas,0,0,NA,NA,NA
CARLSBAD,San Diego,109296,2897,44305,87416,106924
CARMEL-BY-THE-SEA,Monterey,3807,3525,45928,62460,92750
CARMEL VALLEY VILLAGE,Monterey,4321,227.6,55560,95444,115333
CARMET,Sonoma,14,48.8,NA,NA,NA
CARMICHAEL,Sacramento,63314,4680.2,32665,54598,70783
CARNELIAN BAY,Placer,463,356.4,36276,72083,91389
CARPINTERIA,Santa Barbara,13323,5152,33331,65467,76311
CARRICK,Siskiyou,66,1118.6,12639,NA,NA
CARSON,Los Angeles,92475,4939.1,23622,71420,76997
CARTAGO,Inyo,38,32.5,32953,46016,NA
CARUTHERS,Fresno,3338,1650,13785,44375,44898
CASA CONEJO,Ventura,3699,7836.9,28694,89432,100125
CASA DE ORO-MOUNT HELIX,San Diego,21076,3076.8,37682,75637,96717
CASMALIA,Santa Barbara,114,606.4,20635,47031,45938
CASPAR,Mendocino,599,200.2,28594,50000,75104
CASSEL,Shasta,349,172.3,27611,34600,33450
CASTAIC,Los Angeles,18619,2563.9,35715,105523,110130
CASTLE HILL,Contra Costa,1223,1682.3,54105,113952,124167
CASTRO VALLEY,Alameda,62363,3725.4,38897,83442,97572
CASTROVILLE,Monterey,6226,6092,14156,50000,52069
CATHEDRAL CITY,Riverside,52550,2444.2,19674,43128,47489
CATHEYS VALLEY,Mariposa,878,37.5,32190,51528,57813
CAYUCOS,San Luis Obispo,2553,823.5,45327,57863,73021
CAZADERO,Sonoma,312,43.8,25780,43875,42969
CEDAR RIDGE,Tuolumne,1132,145.3,33038,54271,73750
CEDAR SLOPE,Tulare,0,0,NA,NA,NA
CEDARVILLE,Modoc,297,54.6,22492,28274,29048
CENTERVILLE,Fresno,348,42.8,39458,85833,106250
CERES,Stanislaus,46570,4992.5,18575,46132,48964
CERRITOS,Los Angeles,49599,5686.7,35460,91487,100919
CHALFANT,Mono,714,25.5,34043,66361,86731
CHALLENGE-BROWNSVILLE,Yuba,952,98.1,19383,47959,36771
CHANNEL ISLANDS BEACH,Ventura,2778,6876.2,53956,90521,110461
CHARTER OAK,Los Angeles,9200,9913.8,24139,61946,70187
CHEROKEE,Butte,80,45.7,23230,36875,85156
CHEROKEE STRIP,Kern,295,3241.8,9350,36250,28026
CHERRYLAND,Alameda,15244,12735.2,20378,50374,50537
CHERRY VALLEY,Riverside,6823,850.7,29789,58080,66047
CHESTER,Plumas,1978,271.4,21631,40417,48409
CHICO,Butte,87517,2658.3,24775,42334,60195
CHILCOOT-VINTON,Plumas,130,9.8,14089,NA,NA
CHINA LAKE ACRES,Kern,1376,264.1,22054,21970,37422
CHINESE CAMP,Tuolumne,99,110.2,27201,24722,103125
CHINO,San Bernardino,80810,2724.2,23116,72554,78328
CHINO HILLS,San Bernardino,76187,1705,35529,97609,105911
CHOWCHILLA,Madera,18411,1653.1,11856,36852,38180
CHUALAR,Monterey,1255,2004.8,15542,58036,57679
CHULA VISTA,San Diego,253031,5098.2,25385,66110,74703
CITRUS,Los Angeles,11446,12904.2,17422,58626,61119
CITRUS HEIGHTS,Sacramento,84678,5951.1,24915,51150,59355
CLAREMONT,Los Angeles,35569,2664.3,39402,89648,108739
CLARKSBURG,Yolo,406,200.1,35308,49783,49130
CLAY,Sacramento,1153,170.7,35120,76184,71429
CLAYTON,Contra Costa,11328,2950,54740,131136,141623
CLEAR CREEK,Lassen,182,160.6,19851,33021,65938
CLEARLAKE,Lake,15121,1492.8,16301,25532,30772
CLEARLAKE OAKS,Lake,1547,782.1,20844,27500,38750
CLEARLAKE RIVIERA,Lake,2912,557.4,23831,43167,45842
CLEONE,Mendocino,679,426.2,31822,62632,59853
CLIO,Plumas,49,85.1,29645,75313,NA
CLIPPER MILLS,Butte,0,0,NA,NA,NA
CLOVERDALE,Sonoma,8692,2863,28677,59120,67746
CLOVIS,Fresno,98815,4210.8,28497,63662,74201
CLYDE,Contra Costa,680,4788.7,27403,41382,93750
COACHELLA,Riverside,42576,1470.7,12321,40423,40018
COALINGA,Fresno,17235,2581.6,19237,50373,53750
COARSEGOLD,Madera,1172,106.7,26734,30216,66346
COBB,Lake,1147,230.3,29938,71641,83357
COFFEE CREEK,Trinity,132,11.5,26230,58889,92500
COHASSET,Butte,808,31.9,21582,55595,58520
COLD SPRINGS,El Dorado,623,825.2,23860,49150,81458
COLD SPRINGS,Tuolumne,193,111.3,31913,34963,NA
COLEVILLE,Mono,395,28.7,36201,45147,46397
COLFAX,Placer,2424,1724,24810,46902,48269
COLLEGE CITY,Colusa,196,59.8,26042,97727,97727
COLLIERVILLE,San Joaquin,1942,294.5,28835,51595,60096
COLMA,San Mateo,1837,964.3,30256,88438,95208
COLOMA,El Dorado,761,226.8,30194,65426,66051
COLTON,San Bernardino,53129,3467,16004,39915,44608
COLUMBIA,Tuolumne,2456,412,20816,40313,52029
COLUSA,Colusa,5962,3250.8,22606,45959,50515
COMMERCE,Los Angeles,12975,1984.6,15625,45846,50948
COMPTCHE,Mendocino,77,66.7,47960,83750,NA
COMPTON,Los Angeles,97663,9754.6,13847,43230,45877
CONCORD,Contra Costa,125017,4093,31404,67122,78218
CONCOW,Butte,539,19.7,29949,34773,58438
CONTRA COSTA CENTRE,Contra Costa,6031,9482.7,57385,87721,107547
COPPEROPOLIS,Calaveras,4365,210,31166,56831,71477
CORCORAN,Kings,23634,3149.5,7995,34082,35048
CORNING,Tehama,7617,2145.6,13776,36906,35390
CORONA,Riverside,157395,4052.8,27577,77021,82607
CORONADO,San Diego,24333,3068.1,48476,90876,112608
CORONITA,Riverside,3397,4951.9,26292,78304,77857
CORRALITOS,Santa Cruz,2812,312.9,36032,84466,94778
CORTE MADERA,Marin,9478,2996.5,64762,113279,141143
COSTA MESA,Orange,111635,7110.5,33342,66491,76781
COTATI,Sonoma,7347,3908,32834,59808,75461
COTO DE CAZA,Orange,14647,1897,70990,166328,172654
COTTONWOOD,Shasta,4178,1805.5,17268,42660,44450
COULTERVILLE,Mariposa,227,53.9,28431,45000,NA
COUNTRY CLUB,San Joaquin,10018,5225.9,20643,43323,50168
COURTLAND,Sacramento,515,286.1,42765,58472,57266
COVELO,Mendocino,1444,203.5,17585,26389,23553
COVINA,Los Angeles,48429,6890.9,25622,64496,73113
COWAN,Stanislaus,510,3269.2,11454,37656,25833
CRESCENT CITY,Del Norte,7295,3716.3,12430,27885,43554
CRESCENT MILLS,Plumas,426,100.4,15014,31655,32230
CRESSEY,Merced,322,183.2,22093,53214,53214
CREST,San Diego,2393,366.4,35347,74115,79632
CRESTLINE,San Bernardino,9437,681.9,24754,47175,53552
CRESTON,San Luis Obispo,61,108.2,58821,83523,NA
C-ROAD,Plumas,213,79.9,23339,78796,79583
CROCKETT,Contra Costa,3151,2972.6,42310,81667,89588
CROMBERG,Plumas,172,19,48815,32188,163030
CROWLEY LAKE,Mono,707,251.9,40119,88500,93611
CROWS LANDING,Stanislaus,194,61.2,13302,29018,31563
CUDAHY,Los Angeles,24073,20487.7,11400,37759,36289
CULVER CITY,Los Angeles,39353,7699.7,45792,79292,99860
CUPERTINO,Santa Clara,59787,5285.7,55867,134872,158053
CUTLER,Tulare,4224,5234.2,6456,18346,17629
CUTTEN,Humboldt,3117,2408.8,30467,55080,71381
CUYAMA,Santa Barbara,72,158.9,10951,27188,27917
CYPRESS,Orange,48748,7373.8,33693,83819,92166
DALY CITY,San Mateo,103897,13599.1,28753,74489,83096
DANA POINT,Orange,33861,5210.2,51474,84404,103457
DANVILLE,Contra Costa,42891,2372.7,65783,140616,157842
DAPHNEDALE PARK,Modoc,20,15,NA,NA,NA
DARWIN,Inyo,18,13.4,24089,NA,NA
DAVENPORT,Santa Cruz,303,106.9,33563,67031,78393
DAVIS,Yolo,66093,6687.5,33646,57454,110692
DAY VALLEY,Santa Cruz,3869,209.1,39039,73393,85438
DEER PARK,Napa,1072,192.2,53298,97266,122361
DEL AIRE,Los Angeles,10406,10262.3,31248,79943,88997
DELANO,Kern,52883,3697.3,10455,36244,36684
DELFT COLONY,Tulare,164,2484.8,2685,8456,8456
DELHI,Merced,9918,2825.6,15121,46224,48077
DELLEKER,Plumas,798,288.5,20945,30878,66250
DEL MAR,San Diego,4242,2485.1,87852,103457,123938
DEL MONTE FOREST,Monterey,6439,800.5,48338,102396,126250
DEL REY,Fresno,1489,1223.5,9746,31222,31065
DEL REY OAKS,Monterey,1727,3597.9,41181,101250,120417
DEL RIO,Stanislaus,1769,970.4,50082,102679,117730
DENAIR,Stanislaus,4892,2469.5,22069,63136,68750
DERBY ACRES,Kern,324,90.5,26230,34792,62813
DESCANSO,San Diego,1305,67.9,30185,59115,54167
DESERT CENTER,Riverside,208,6.8,19180,55750,56500
DESERT EDGE,Riverside,4244,1871.3,19756,30579,43950
DESERT HOT SPRINGS,Riverside,27678,916.5,14466,33575,34850
DESERT PALMS,Riverside,6776,2536.9,46954,56108,82035
DESERT SHORES,Imperial,1039,1503.6,11407,30735,36111
DESERT VIEW HIGHLANDS,Los Angeles,2291,5206.8,19362,62946,70650
DIABLO,Contra Costa,969,714.1,113989,167188,NA
DIABLO GRANDE,Stanislaus,1083,211.8,33285,92880,92609
DIAMOND BAR,Los Angeles,56259,3781.1,34539,90901,95500
DIAMOND SPRINGS,El Dorado,12105,727.4,24922,52483,68474
DILLON BEACH,Marin,82,27.5,42220,44417,46389
DINUBA,Tulare,22828,3528.3,12838,38509,37478
DISCOVERY BAY,Contra Costa,14315,2272.2,43649,112063,114085
DIXON,Solano,18718,2626,26501,66818,71994
DIXON LANE-MEADOW CREEK,Inyo,2447,728.3,27392,44792,72394
DOBBINS,Yuba,658,84.9,19331,35469,48182
DOGTOWN,San Joaquin,2475,190.9,30638,68281,79565
DOLLAR POINT,Placer,1076,658.1,44872,68892,87500
DORRINGTON,Calaveras,349,96.2,42523,81477,80909
DORRIS,Siskiyou,1115,1588.3,13843,30179,32708
DOS PALOS,Merced,5023,3723.5,13218,33700,34171
DOS PALOS Y,Merced,171,108.4,19360,17708,22000
DOUGLAS CITY,Trinity,670,26.8,22331,31645,52000
DOWNEY,Los Angeles,113082,9113.6,23216,60374,64187
DOWNIEVILLE,Sierra,233,73.2,29637,54196,112589
DOYLE,Lassen,382,62.6,20169,21950,39196
DRYTOWN,Amador,148,40.1,25704,77188,107700
DUARTE,Los Angeles,21676,3240.1,26421,62186,72440
DUBLIN,Alameda,49694,3262.3,44679,114699,128737
DUCOR,Tulare,646,1059,10834,28036,23833
DUNNIGAN,Yolo,1017,194.4,27670,63875,74828
DUNSMUIR,Siskiyou,1482,923.9,20503,29464,38571
DURHAM,Butte,5743,70.2,34648,69323,75050
DUSTIN ACRES,Kern,295,80.3,24897,48269,59688
DUTCH FLAT,Placer,132,222.6,33769,54000,58750
EAGLEVILLE,Modoc,70,72.2,19651,28333,52083
EARLIMART,Tulare,8310,3947.7,7894,24968,26435
EAST FOOTHILLS,Santa Clara,6479,3094.1,49726,120881,122969
EAST HEMET,Riverside,18188,3489,19371,45374,49055
EAST LOS ANGELES,Los Angeles,127610,17128.9,12905,39103,41577
EAST NICOLAUS,Sutter,251,54.8,22273,42566,44408
EAST OAKDALE,Stanislaus,2901,611.8,40010,84018,95938
EASTON,Fresno,1991,661.2,26678,58813,63917
EAST OROSI,Tulare,321,1294.4,7465,29000,31375
EAST PALO ALTO,San Mateo,28920,11540.3,18527,52716,53094
EAST PASADENA,Los Angeles,6123,4642.2,45380,76019,87273
EAST PORTERVILLE,Tulare,6585,2209.7,10164,31900,31012
EAST QUINCY,Plumas,2633,217.4,23396,51045,56667
EAST RANCHO DOMINGUEZ,Los Angeles,15343,18665.5,13065,44964,47115
EAST RICHMOND HEIGHTS,Contra Costa,3501,6036.2,32733,68185,83125
EAST SAN GABRIEL,Los Angeles,15573,9982.7,33792,72500,90219
EAST SHORE,Plumas,203,171.6,48613,80625,152083
EAST SONORA,Tuolumne,2168,875.6,28074,43484,52500
EAST TULARE VILLA,Tulare,951,1973,15225,45446,45625
EASTVALE,Riverside,55298,4366.9,28687,109783,109717
EAST WHITTIER,Los Angeles,10440,9578,27809,66377,73207
EDGEWOOD,Siskiyou,30,29.5,15243,34375,35313
EDMUNDSON ACRES,Kern,274,4151.5,9448,35000,34375
EDNA,San Luis Obispo,174,142.7,31055,75294,75417
EDWARDS AFB,Kern,2503,146.1,20554,63162,64265
EL CAJON,San Diego,101582,7016.3,20430,45957,50257
EL CENTRO,Imperial,43268,3903.6,18463,41677,47303
EL CERRITO,Contra Costa,24136,6599.9,45190,88380,104524
EL CERRITO,Riverside,5551,2174.3,22752,60987,61467
EL DORADO HILLS,El Dorado,43862,905.3,46853,118306,129292
ELDRIDGE,Sonoma,1333,2044.5,29956,54355,61786
EL GRANADA,San Mateo,5377,1114.9,57758,110000,158309
ELIZABETH LAKE,Los Angeles,1603,256.6,30157,56806,66500
ELK CREEK,Glenn,136,93.9,23439,42500,44464
ELK GROVE,Sacramento,158455,3755.5,29695,79051,84732
ELKHORN,Monterey,1342,279.1,33900,84758,103750
ELMIRA,Solano,242,455.7,24259,71793,70870
EL MONTE,Los Angeles,115243,12052.2,15010,38906,40727
EL NIDO,Merced,412,125.2,29007,30956,33375
EL PASO DE ROBLES (PASO ROBLES),San Luis Obispo,30522,1594.1,28358,59978,66880
EL PORTAL,Mariposa,601,584.1,41825,102872,103429
EL RANCHO,Tulare,16,222.2,NA,NA,NA
EL RIO,Ventura,6785,3352.3,17696,59179,67039
EL SEGUNDO,Los Angeles,16839,3082.4,42575,84004,103205
EL SOBRANTE,Contra Costa,13122,4745.8,30822,60732,66806
EL SOBRANTE,Riverside,14855,2059.5,30822,99080,99126
EL VERANO,Sonoma,4338,3798.6,25804,50811,43250
ELVERTA,Sacramento,5547,627.3,23017,60718,61516
EMERALD LAKE HILLS,San Mateo,4519,3781.6,80009,166063,188654
EMERYVILLE,Alameda,10497,8194.4,53155,69329,84688
EMPIRE,Stanislaus,4296,2748.6,12446,31446,34128
ENCINITAS,San Diego,61008,3243,48067,92564,111696
ESCALON,San Joaquin,7252,3151.7,26249,57971,72694
ESCONDIDO,San Diego,147603,3982.9,21684,49409,53983
ESPARTO,Yolo,3229,701.8,19565,64844,66652
ETNA,Siskiyou,750,986.8,14168,26711,28438
EUCALYPTUS HILLS,San Diego,5352,1124.8,31768,71861,78313
EUREKA,Humboldt,27039,2881.4,21151,38007,50807
EXETER,Tulare,10468,4250.1,19357,41341,46295
FAIRBANKS RANCH,San Diego,3245,637,55172,119228,133707
FAIRFAX,Marin,7546,3423.8,56506,93354,132545
FAIRFIELD,Solano,107983,2888.2,27110,66190,75091
FAIRMEAD,Madera,1983,256.3,10861,31058,37550
FAIR OAKS,Sacramento,31256,2895.1,40467,73295,91885
FAIRVIEW,Alameda,9852,3582.5,36521,90365,100551
FALLBROOK,San Diego,31435,1793.7,25565,51765,56025
FALL RIVER MILLS,Shasta,712,274.6,17021,32824,30893
FARMERSVILLE,Tulare,10675,4727.6,11102,32455,34538
FARMINGTON,San Joaquin,124,48.8,55222,19886,130357
FELLOWS,Kern,98,149.4,24036,63250,63500
FELTON,Santa Cruz,3957,869.3,41368,75550,95000
FERNDALE,Humboldt,1456,1417.7,37233,45948,61058
FETTERS HOT SPRINGS-AGUA CALIENTE,Sonoma,4866,3330.6,28459,58232,60761
FIDDLETOWN,Amador,86,18.6,23801,42500,NA
FIELDBROOK,Humboldt,812,77.6,30480,62750,82292
FIELDS LANDING,Humboldt,130,469.3,25299,16537,NA
FILLMORE,Ventura,15203,4519.3,19205,54519,60142
FIREBAUGH,Fresno,7935,2257.5,12436,31312,33518
FISH CAMP,Mariposa,44,48.7,15666,NA,NA
FLORENCE-GRAHAM,Los Angeles,62815,17546.1,10957,33992,33360
FLORIN,Sacramento,50791,5834.7,16358,40183,44694
FLORISTON,Nevada,58,61.1,36800,56607,59375
FLOURNOY,Tehama,143,24.7,18901,58500,59250
FOLSOM,Sacramento,73334,3341.4,38472,100163,116527
FONTANA,San Bernardino,201355,4745.6,19685,64995,66795
FOOTHILL FARMS,Sacramento,33024,7862.9,19658,44590,45764
FORBESTOWN,Butte,450,71.7,20552,63676,64853
FORD CITY,Kern,4154,2706.2,14873,32134,38448
FORESTHILL,Placer,1345,120.2,26123,34821,75820
FOREST MEADOWS,Calaveras,1674,296,40314,70484,85114
FOREST RANCH,Butte,1064,76.4,30503,41649,48313
FORESTVILLE,Sonoma,3461,658.4,28818,55740,66136
FORT BIDWELL,Modoc,161,50.3,16952,23333,29167
FORT BRAGG,Mendocino,7274,2646.1,20585,34057,54615
FORT IRWIN,San Bernardino,9191,1319.6,19077,49928,51134
FORT JONES,Siskiyou,848,1408.6,16945,39500,51250
FORTUNA,Humboldt,11863,2448.5,21626,42450,51213
FORT WASHINGTON,Fresno,430,3467.7,64517,92566,92566
FOSTER CITY,San Mateo,31809,8379.6,55318,114651,130566
FOUNTAIN VALLEY,Orange,56440,6221.3,34382,82532,93322
FOWLER,Fresno,5908,2324.2,19298,47731,62070
FRANKLIN,Merced,6840,3403,15950,34671,41273
FRANKLIN,Sacramento,33,15.7,23882,24531,NA
FRAZIER PARK,Kern,2730,539.1,20707,43077,56336
FREEDOM,Santa Cruz,3205,2903.1,18078,51492,52885
FREEPORT,Sacramento,68,1545.5,25197,46250,NA
FREMONT,Alameda,221654,2861.3,40815,103591,112347
FRENCH CAMP,San Joaquin,4155,1322.4,10460,35833,46350
FRENCH GULCH,Shasta,441,35.8,14994,28750,27833
FRENCH VALLEY,Riverside,26753,2456.4,26621,88699,88614
FRESNO,Fresno,506132,4470.2,19226,41455,45554
FRIANT,Fresno,263,210.2,20332,18884,17000
FRUITDALE,Santa Clara,1089,4078.7,43850,73250,103333
FRUITRIDGE POCKET,Sacramento,5802,9542.8,10884,32853,34948
FULLER ACRES,Kern,924,1225.5,10343,33750,28472
FULLERTON,Orange,137945,6149.2,29733,65909,76187
FULTON,Sonoma,441,226.3,34310,65750,116146
FURNACE CREEK,Inyo,187,6,29232,33000,53359
GALT,Sacramento,24280,4050,22609,59375,62452
GARBERVILLE,Humboldt,1061,395.9,18239,29694,37127
GARDENA,Los Angeles,59682,10238.8,23230,47856,54331
GARDEN ACRES,San Joaquin,11172,4315.2,13032,38940,39460
GARDEN FARMS,San Luis Obispo,341,312,53338,102344,100156
GARDEN GROVE,Orange,173853,9681.6,21241,59360,62562
GAREY,Santa Barbara,74,58.5,17823,62500,46667
GARNET,Riverside,6380,809.2,13804,37910,39785
GASQUET,Del Norte,500,105.1,22000,35547,38750
GAZELLE,Siskiyou,76,131,12700,21071,30833
GEORGETOWN,El Dorado,2458,162.5,23926,46136,78487
GERBER,Tehama,1201,1301.2,14062,31781,32232
GEYSERVILLE,Sonoma,879,194.7,22451,49271,49931
GILROY,Santa Clara,50776,3145.6,29559,81056,86098
GLENDALE,Los Angeles,195380,6417.7,29264,52451,61806
GLENDORA,Los Angeles,50855,2621.5,32090,74169,82961
GLEN ELLEN,Sonoma,614,292.1,43374,48750,49167
GOLDEN HILLS,Kern,8398,685.6,26782,64425,68682
GOLD MOUNTAIN,Plumas,22,3.6,NA,NA,NA
GOLD RIVER,Sacramento,7658,2904.1,57795,102500,115926
GOLETA,Santa Barbara,30333,3863.6,33469,75766,92391
GONZALES,Monterey,8336,4348.5,19466,51178,43370
GOOD HOPE,Riverside,8911,793.3,11960,34801,39135
GOODYEARS BAR,Sierra,23,11.2,NA,NA,NA
GOSHEN,Tulare,3832,2155.2,10421,38162,34211
GRAEAGLE,Plumas,546,49.3,36458,54688,68625
GRAND TERRACE,San Bernardino,12252,3498.6,29572,64140,78763
GRANGEVILLE,Kings,607,948.4,30119,50450,67125
GRANITE BAY,Placer,22646,1051.9,55636,118063,135583
GRANITE HILLS,San Diego,3438,1230.9,48827,111684,126618
GRANITEVILLE,Nevada,0,0,NA,NA,NA
GRASS VALLEY,Nevada,12861,2711.6,23005,33325,40591
GRATON,Sonoma,1626,1029.8,26548,37927,56250
GRAYSON,Stanislaus,888,348.4,14153,28068,35096
GREELEY HILL,Mariposa,566,26.9,21738,30766,58646
GREENACRES,Kern,4949,2587,30071,64052,69561
GREEN ACRES,Riverside,2330,1664.3,14428,55417,55444
GREENFIELD,Kern,3974,2746.4,21522,51410,50625
GREENFIELD,Monterey,16715,7829,13567,52374,49544
GREENHORN,Plumas,182,27.1,52332,58023,48875
GREEN VALLEY,Los Angeles,1022,79.8,46357,93313,129531
GREEN VALLEY,Solano,1217,146.5,72511,77946,134766
GREENVIEW,Siskiyou,183,141.3,8551,14193,14193
GREENVILLE,Plumas,950,118.9,24222,30766,31944
GRENADA,Siskiyou,421,815.9,19725,30750,36250
GRIDLEY,Butte,6566,3172,16870,42542,47438
GRIMES,Colusa,419,185.3,14078,40947,29750
GRIZZLY FLATS,El Dorado,771,116.3,20361,56250,67981
GROVELAND,Tuolumne,725,75.8,16038,31932,33735
GROVER BEACH,San Luis Obispo,13337,5773.6,26781,49418,54955
GUADALUPE,Santa Barbara,7160,5469.8,14903,45456,46420
GUERNEVILLE,Sonoma,3775,388.8,34303,42712,58269
GUINDA,Yolo,599,206.1,13122,77596,78317
GUSTINE,Merced,5610,3617,20620,38173,47646
HACIENDA HEIGHTS,Los Angeles,55179,4937.7,28614,76435,81135
HALF MOON BAY,San Mateo,11803,1837.6,54270,103239,108700
HAMILTON BRANCH,Plumas,634,584.3,29462,60268,63750
HAMILTON CITY,Glenn,1718,5506.4,13338,32774,33547
HANFORD,Kings,54523,3244.6,22307,53543,59543
HAPPY CAMP,Siskiyou,1153,95.2,15357,25625,31458
HARBISON CANYON,San Diego,4577,454.6,29795,81913,83098
HARDWICK,Kings,184,1323.7,12236,18250,19000
HARTLAND,Tulare,0,0,NA,NA,NA
HARTLEY,Solano,2458,379.6,42008,97100,103060
HASLEY CANYON,Los Angeles,1296,225.8,41556,100972,96417
HAT CREEK,Shasta,215,4.3,22517,36027,48558
HAWAIIAN GARDENS,Los Angeles,14432,15223.6,13557,39073,38246
HAWTHORNE,Los Angeles,85889,14124.2,20445,44384,47091
HAYFORK,Trinity,2372,32.9,18810,28287,46108
HAYWARD,Alameda,149596,3293.6,25770,62691,69415
HEALDSBURG,Sonoma,11466,2572.6,32461,58176,65375
HEBER,Imperial,4256,2869.9,11565,35153,36097
HEMET,Riverside,81203,2916,18284,33932,41824
HERALD,Sacramento,1221,155,36154,92045,92159
HERCULES,Contra Costa,24596,3835.9,37978,100267,113447
HERLONG,Lassen,1702,1045.5,6846,50781,44167
HERMOSA BEACH,Los Angeles,19725,13822.7,74730,105029,167750
HESPERIA,San Bernardino,91757,1255.3,16584,44472,50027
HICKMAN,Stanislaus,479,445.2,20190,48000,57500
HIDDEN HILLS,Los Angeles,1749,1035.5,126620,245694,NA
HIDDEN MEADOWS,San Diego,3283,498.7,38942,61234,81875
HIDDEN VALLEY LAKE,Lake,6168,633.7,24252,65706,67382
HIGHGROVE,Riverside,4067,1263.4,16332,41087,46071
HIGHLAND,San Bernardino,54032,2880.9,21578,53385,57517
HIGHLANDS-BAYWOOD PARK,San Mateo,4298,2373.3,59656,135345,162235
HILLSBOROUGH,San Mateo,11148,1801,127868,NA,NA
HILMAR-IRWIN,Merced,5266,1340.6,27961,52775,55500
HIOUCHI,Del Norte,413,712.1,26170,46083,71406
HOLLISTER,San Benito,36067,4924.5,22516,66045,66363
HOLTVILLE,Imperial,6067,5284.8,14247,29628,32240
HOME GARDEN,Kings,1787,4024.8,11708,32976,33631
HOME GARDENS,Riverside,11701,7519.9,15198,52704,51076
HOMELAND,Riverside,5921,1386.7,16804,36516,44667
HOMESTEAD VALLEY,San Bernardino,3366,99.3,15712,30527,31844
HOMEWOOD CANYON,Inyo,20,2,NA,NA,NA
HONCUT,Butte,145,34.2,24944,70064,NA
HOOD,Sacramento,311,987.3,20970,75556,78385
HOPLAND,Mendocino,587,166.5,21892,38750,67917
HORNBROOK,Siskiyou,275,236.1,14389,27083,36406
HORNITOS,Mariposa,56,48,NA,NA,NA
HUGHSON,Stanislaus,6895,3489.4,21964,50109,57042
HUMBOLDT HILL,Humboldt,3704,891.9,23598,48134,54657
HUNTINGTON BEACH,Orange,195686,7265.4,42680,82554,97638
HUNTINGTON PARK,Los Angeles,58787,19511.1,12088,34777,35367
HURON,Fresno,6777,4259.6,9968,28896,25859
HYAMPOM,Trinity,255,12.6,20368,29952,33672
HYDESVILLE,Humboldt,1354,180.5,26257,56216,65875
IDLEWILD,Tulare,32,69.7,32731,NA,NA
IDYLLWILD-PINE COVE,Riverside,2562,186.7,33070,60500,67056
IMPERIAL,Imperial,15782,2695,24109,73683,74683
IMPERIAL BEACH,San Diego,26857,6454.5,19896,48117,54639
INDEPENDENCE,Inyo,681,139.9,26470,50625,71071
INDIAN FALLS,Plumas,23,12.5,6722,NA,NA
INDIANOLA,Humboldt,889,629.6,25538,40769,50208
INDIAN WELLS,Riverside,5089,355.3,81359,85000,108000
INDIO,Riverside,82539,2692.3,20674,47922,54656
INDIO HILLS,Riverside,910,42.3,18471,37386,36705
INDUSTRY,Los Angeles,384,32.6,19617,51951,51890
INGLEWOOD,Los Angeles,111133,12255.5,19837,42249,46449
INTERLAKEN,Santa Cruz,6954,709.2,22324,70541,72222
INVERNESS,Marin,1368,213.8,52826,51850,91458
INYOKERN,Kern,665,60.9,35933,51172,107411
IONE,Amador,7318,1592.6,13793,50617,77361
IRON HORSE,Plumas,343,44.3,27161,97829,97829
IRVINE,Orange,229850,3505.4,43456,91999,109956
IRWINDALE,Los Angeles,1530,173.4,18122,56625,60750
ISLA VISTA,Santa Barbara,24792,13401.1,8904,19237,38810
ISLETON,Sacramento,792,1800,17200,30900,32273
IVANHOE,Tulare,4044,2007.9,9915,32783,33656
JACKSON,Amador,4616,1237.5,24618,41745,50150
JACUMBA,San Diego,77,12.6,99860,NA,NA
JAMESTOWN,Tuolumne,3394,1133.6,22768,38488,29362
JAMUL,San Diego,5445,328.3,39791,109492,113799
JANESVILLE,Lassen,1474,111.8,30675,73617,73165
JENNER,Sonoma,109,51.7,45506,83750,80250
JOHANNESBURG,Kern,79,32.7,14733,13906,NA
JOHNSTONVILLE,Lassen,1072,128.3,27946,67708,73654
JOHNSVILLE,Plumas,35,2.5,NA,NA,NA
JOSHUA TREE,San Bernardino,7564,204.2,22792,38297,47226
JULIAN,San Diego,1345,171.6,31063,77050,75500
JUNCTION CITY,Trinity,920,33,21224,37917,55625
JUNE LAKE,Mono,589,73.7,20604,50595,51518
JURUPA VALLEY,Riverside,97247,2265.2,18579,55898,59710
KEDDIE,Plumas,89,138,42799,83594,84010
KEELER,Inyo,80,61.4,10664,13824,14632
KEENE,Kern,325,33.6,29119,65474,66379
KELLY RIDGE,Butte,2594,1329.6,25509,38645,46338
KELSEYVILLE,Lake,3516,1218.7,17378,37606,46000
KENNEDY,San Joaquin,3487,2879.4,10334,37675,39550
KENNEDY MEADOWS,Tulare,37,6.4,22359,14408,NA
KENSINGTON,Contra Costa,5351,5650.5,67369,136625,156179
KENTFIELD,Marin,6667,2204,109976,175573,246771
KENWOOD,Sonoma,1075,208.1,75128,86719,103505
KERMAN,Fresno,14110,4364.4,15199,45539,48822
KERNVILLE,Kern,1354,109.5,31106,51731,61250
KESWICK,Shasta,410,121.4,27618,60417,71250
KETTLEMAN CITY,Kings,1648,7810.4,13434,41131,40060
KEYES,Stanislaus,6364,2249.6,13124,37421,40714
KING CITY,Monterey,13171,3425.5,12770,40500,41087
KINGS BEACH,Placer,3384,984,20677,39639,44306
KINGSBURG,Fresno,11582,4101.3,25921,60361,70305
KINGVALE,NevadaPlacer,177,184,33515,63295,63295
KIRKWOOD,AlpineAmador,98,22.5,13118,39375,NA
KLAMATH,Del Norte,955,76.2,15828,30769,38173
KNIGHTSEN,Contra Costa,1644,196.7,29127,78672,80500
KNIGHTS LANDING,Yolo,1161,2317.4,20478,45789,42596
LA CAÑADA FLINTRIDGE,Los Angeles,20477,2373.3,71758,151786,169482
LA CRESCENTA-MONTROSE,Los Angeles,20241,5908.1,38256,89737,109722
LADERA,San Mateo,1497,3282.9,95386,225391,NA
LADERA HEIGHTS,Los Angeles,7362,2482.1,56573,100811,118456
LADERA RANCH,Orange,26010,5372.9,50478,131952,149125
LAFAYETTE,Contra Costa,24685,1640.5,67896,138073,176250
LAGUNA BEACH,Orange,23114,2598.8,79340,97881,138869
LAGUNA HILLS,Orange,30768,4661.1,43958,91460,103304
LAGUNA NIGUEL,Orange,64299,4361.9,51750,98957,126029
LAGUNA WOODS,Orange,16302,4873.5,37419,36708,54357
LAGUNITAS-FOREST KNOLLS,Marin,2007,472.6,38092,79148,100335
LA HABRA,Orange,61341,8341.2,25646,61364,68954
LA HABRA HEIGHTS,Los Angeles,5398,876.4,51293,111250,113833
LA HONDA,San Mateo,741,174.2,48114,104479,162552
LAKE ALMANOR COUNTRY CLUB,Plumas,530,193.2,67541,74286,89000
LAKE ALMANOR PENINSULA,Plumas,470,154.8,38839,59583,77000
LAKE ALMANOR WEST,Plumas,263,115,75154,113819,113472
LAKE ARROWHEAD,San Bernardino,11255,634.9,29997,64461,73135
LAKE CALIFORNIA,Tehama,2851,452.9,26009,52165,47414
LAKE CITY,Modoc,35,6,18940,37750,NA
LAKE DAVIS,Plumas,45,8.3,16027,NA,NA
LAKE DON PEDRO,Mariposa,995,79.2,37353,71970,86750
LAKE ELSINORE,Riverside,56243,1466.6,21016,63303,65855
LAKE FOREST,Orange,78940,4745.1,38760,92781,109426
LAKEHEAD,Shasta,493,105,19697,31136,40500
LAKE HUGHES,Los Angeles,469,44.1,16426,21932,43000
LAKE ISABELLA,Kern,3093,142.4,17300,22726,37232
LAKELAND VILLAGE,Riverside,11343,1307.4,18725,41289,45028
LAKE LOS ANGELES,Los Angeles,11948,1226.6,15918,40227,42426
LAKE MATHEWS,Riverside,5518,346.5,27927,69011,71463
LAKE NACIMIENTO,San Luis Obispo,2497,241.3,36293,68516,80357
LAKE OF THE PINES,Nevada,3563,2383.3,38479,75403,84271
LAKE OF THE WOODS,Kern,539,153,24728,33750,34219
LAKEPORT,Lake,4746,1552,25590,36361,46941
LAKE RIVERSIDE,Riverside,858,119.4,20839,61484,70156
LAKE SAN MARCOS,San Diego,4679,2718.8,30845,43125,67927
LAKE SHERWOOD,Ventura,1526,482.8,120676,230000,NA
LAKESIDE,San Diego,21079,3054.9,26236,62037,74608
LAKEVIEW,Riverside,1723,528.5,16372,47383,54426
LAKE WILDWOOD,Nevada,5293,1732,35366,65427,77969
LAKEWOOD,Los Angeles,80926,8591.8,29981,79113,88660
LA MESA,San Diego,58239,6414.7,30728,54630,69955
LA MIRADA,Los Angeles,49038,6269.2,29467,81178,90696
LAMONT,Kern,16359,3564.1,10475,33433,31278
LANARE,Fresno,398,197.2,10910,47875,47875
LANCASTER,Los Angeles,159092,1687.1,19703,49057,54993
LA PALMA,Orange,15791,8856.4,33524,84026,90080
LA PORTE,Plumas,12,2.7,NA,NA,NA
LA PRESA,San Diego,34739,6319.6,22135,60817,66449
LA PUENTE,Los Angeles,40342,11595.9,15509,54660,55150
LA QUINTA,Riverside,38774,1103.6,39021,71074,80473
LA RIVIERA,Sacramento,11529,6231.9,27789,58694,62952
LARKFIELD-WIKIUP,Sonoma,8831,1663.7,37027,75230,83295
LARKSPUR,Marin,12131,4007.6,65707,82568,115363
LA SELVA BEACH,Santa Cruz,2932,553.5,51592,108611,105833
LAS FLORES,Orange,6311,2842.8,49984,121696,140000
LAS FLORES,Tehama,154,430.2,11416,27763,43958
LAS LOMAS,Monterey,3409,3287.4,13409,68194,68352
LATHROP,San Joaquin,19163,873.8,18488,63087,64136
LATON,Fresno,1144,590.6,19300,29865,29625
LA VERNE,Los Angeles,31592,3747.6,34778,75662,95045
LA VINA,Madera,436,4316.8,8407,31900,31900
LAWNDALE,Los Angeles,33155,16795.8,18145,48376,50507
LAYTONVILLE,Mendocino,1227,228.6,15235,31190,36458
LEBEC,Kern,1333,87,17666,56324,55294
LEE VINING,Mono,234,44.8,9196,NA,NA
LEGGETT,Mendocino,54,20,18922,43571,NA
LE GRAND,Merced,1823,1599.1,13865,38625,38571
LEMON COVE,Tulare,214,256.6,17693,34875,39444
LEMON GROVE,San Diego,25963,6693.2,21915,52339,57052
LEMON HILL,Sacramento,12767,7847,12076,27101,27729
LEMOORE,Kings,24788,2910.4,23836,52701,56775
LEMOORE STATION,Kings,6913,1643.6,19113,44632,44412
LENNOX,Los Angeles,22039,20163.8,12057,36573,36126
LENWOOD,San Bernardino,3153,1424.1,16243,42727,57232
LEONA VALLEY,Los Angeles,1697,91.3,37427,77582,79891
LEWISTON,Trinity,1480,74,24563,33929,43750
LEXINGTON HILLS,Santa Clara,2367,501.7,57392,125893,147188
LIKELY,Modoc,31,23.3,NA,NA,NA
LINCOLN,Placer,44397,2209.6,32182,70870,79017
LINCOLN VILLAGE,San Joaquin,3996,5429.3,23073,55125,60521
LINDA,Yuba,18634,2169.5,14131,36063,37872
LINDCOVE,Tulare,520,762.5,15402,45625,43750
LINDEN,San Joaquin,1948,262.9,38334,87585,83125
LINDSAY,Tulare,12688,4861.3,10678,30198,30466
LINNELL CAMP,Tulare,561,4794.9,6902,20556,21278
LITCHFIELD,Lassen,129,32.7,31985,49688,43068
LITTLE GRASS VALLEY,Plumas,0,0,NA,NA,NA
LITTLE RIVER,Mendocino,38,22.7,24705,NA,NA
LITTLEROCK,Los Angeles,2040,1106.9,10711,39745,39676
LIVE OAK,Santa Cruz,17494,5394.4,31432,64957,82611
LIVE OAK,Sutter,8500,2723.5,16936,42349,46758
LIVERMORE,Alameda,83901,3122.9,42594,99683,111950
LIVINGSTON,Merced,13461,3660.9,13604,50674,51912
LOCKEFORD,San Joaquin,3172,380.3,25079,45698,47639
LOCKWOOD,Monterey,389,35.8,36450,94615,75089
LODI,San Joaquin,63158,4619.9,23648,48662,54740
LODOGA,Colusa,147,43.4,31301,50000,68333
LOLETA,Humboldt,661,311.2,22226,41094,53750
LOMA LINDA,San Bernardino,23648,3146.4,31239,58259,68223
LOMA MAR,San Mateo,211,121.6,32991,93810,117813
LOMA RICA,Yuba,2537,137.2,27252,64615,68984
LOMITA,Los Angeles,20539,10747.8,28593,57245,66541
LOMPICO,Santa Cruz,900,266.7,56476,72215,98500
LOMPOC,Santa Barbara,43045,3712.7,20151,47908,51195
LONDON,Tulare,2080,3306.8,8026,24816,25577
LONE PINE,Inyo,2017,106,21830,31838,39167
LONG BARN,Tuolumne,291,101.1,20712,24388,NA
LONG BEACH,Los Angeles,468594,9315.8,27014,52944,59710
LOOKOUT,Modoc,67,12.6,17072,36635,NA
LOOMIS,Placer,6589,906.8,33354,82813,95217
LOS ALAMITOS,Orange,11598,2883.6,36367,82258,89271
LOS ALAMOS,Santa Barbara,1166,301.4,36571,62429,60625
LOS ALTOS,Santa Clara,29762,4597.2,84705,157500,190938
LOS ALTOS HILLS,Santa Clara,8244,923.8,123127,224271,NA
LOS ANGELES,Los Angeles,3862210,8240.8,28320,49682,54171
LOS BANOS,Merced,36626,3665.2,17160,45665,46748
LOS BERROS,San Luis Obispo,908,361.5,19596,60958,61979
LOS GATOS,Santa Clara,30163,2701.3,72050,122860,157796
LOS MOLINOS,Tehama,2184,995.4,18205,36466,42990
LOS OLIVOS,Santa Barbara,913,371.3,58133,89667,129875
LOS OSOS,San Luis Obispo,14778,1157.9,34229,56860,72625
LOS RANCHOS,San Luis Obispo,1676,592.4,47842,96705,111296
LOST HILLS,Kern,2194,395.2,8418,31875,30125
LOWER LAKE,Lake,1620,607.4,17614,31781,54028
LOYALTON,Sierra,874,2462,21614,43000,46375
LOYOLA,Santa Clara,3463,2399.9,98398,210882,238177
LUCAS VALLEY-MARINWOOD,Marin,6168,1077,59579,129389,145491
LUCERNE,Lake,3318,666.5,11901,20784,35571
LUCERNE VALLEY,San Bernardino,5767,54.6,17984,34024,46383
LYNWOOD,Los Angeles,70789,14625.8,12580,41930,41332
LYTLE CREEK,San Bernardino,1127,187.3,26927,71000,81048
MABIE,Plumas,52,14.3,42662,NA,NA
MCARTHUR,Shasta,308,307.7,30152,42935,44348
MCCLELLAN PARK,Sacramento,1103,272.9,13962,23977,24115
MCCLENNEY TRACT,Tulare,6,9.7,7150,NA,NA
MCCLOUD,Siskiyou,1111,458.7,19429,31071,50888
MACDOEL,Siskiyou,111,750,14183,28500,NA
MCFARLAND,Kern,12784,4791.6,9518,34750,33549
MCGEE CREEK,Mono,125,31.2,93233,91860,NA
MCKINLEYVILLE,Humboldt,16448,790.9,25701,50298,60833
MCKITTRICK,Kern,112,42.8,20728,43000,43500
MCSWAIN,Merced,4531,750.4,35273,98519,106736
MADERA,Madera,62559,3962.2,14460,42027,43600
MADERA ACRES,Madera,9653,1326,18180,60529,61056
MADISON,Yolo,526,340.2,17946,51875,53393
MAD RIVER,Trinity,398,11.5,19148,34907,46875
MAGALIA,Butte,11467,818.2,20818,39514,43457
MALAGA,Fresno,935,3412.4,10696,38350,39800
MALIBU,Los Angeles,12830,648.3,95212,130432,169241
MAMMOTH LAKES,Mono,8154,327.9,27170,60984,68750
MANCHESTER,Mendocino,193,73.7,16462,29118,26691
MANHATTAN BEACH,Los Angeles,35534,9025.7,81787,142071,177532
MANILA,Humboldt,673,1029.1,22212,32997,51094
MANTECA,San Joaquin,70693,3440.6,23806,62032,67043
MANTON,Tehama,341,19.3,23833,31250,34750
MARCH ARB,Riverside,1129,94.5,41980,68261,104013
MARICOPA,Kern,1158,771,17853,33750,43646
MARINA,Monterey,20198,2273.8,24773,53828,63477
MARINA DEL REY,Los Angeles,9157,10647.7,71023,101860,105762
MARIN CITY,Marin,2958,5508.4,25543,39872,41917
MARIPOSA,Mariposa,1524,501.8,18842,34881,41422
MARKLEEVILLE,Alpine,268,41,33723,70511,71591
MARTELL,Amador,94,40.2,28057,13508,NA
MARTINEZ,Contra Costa,36876,2919.5,39701,85736,100577
MARYSVILLE,Yuba,12144,3505.8,18146,34942,45274
MATHENY,Tulare,1098,2565.4,14644,31208,31250
MATHER,Sacramento,4806,479.4,30130,86705,88452
MAXWELL,Colusa,1076,500.5,19794,44625,55833
MAYFAIR,Fresno,4512,8710.4,14620,40625,47278
MAYFLOWER VILLAGE,Los Angeles,5779,8411.9,30295,72034,83885
MAYWOOD,Los Angeles,27703,23517,11656,36492,37342
MEADOWBROOK,Riverside,3447,502.5,13817,34815,36964
MEADOW VALLEY,Plumas,435,51.1,33823,51944,85500
MEADOW VISTA,Placer,3072,581.7,37474,71007,87026
MEAD VALLEY,Riverside,19851,1034.1,14010,41962,44475
MECCA,Riverside,8912,1280.6,8504,26473,27265
MEINERS OAKS,Ventura,3634,2581,29168,70430,81154
MENDOCINO,Mendocino,826,366,42196,51917,104732
MENDOTA,Fresno,11360,3446.6,8642,25229,26250
MENIFEE,Riverside,81658,1757.1,23165,56671,64431
MENLO PARK,San Mateo,32792,3354.7,69802,115650,156439
MENTONE,San Bernardino,9388,1524,23376,55682,62476
MERCED,Merced,80490,3465.5,17623,38917,43809
MERIDIAN,Sutter,438,82.7,28966,50000,82692
MESA,Inyo,442,126.2,37789,82266,97500
MESA VERDE,Riverside,1004,231.2,13468,37891,34583
MESA VISTA,Alpine,212,43.5,25200,61364,79063
METTLER,Kern,88,377.7,15591,42917,51250
MEXICAN COLONY,Kern,216,6750,7247,17375,15500
MIDDLETOWN,Lake,1073,581.9,29725,48965,100625
MIDPINES,Mariposa,689,28.1,36067,41063,40469
MIDWAY CITY,Orange,9104,15023.1,18658,45581,51882
MILFORD,Lassen,116,21.9,42773,64961,64961
MILLBRAE,San Mateo,22177,6823.7,43518,91846,106051
MILL VALLEY,Marin,14178,2976.7,87627,132192,167061
MILLVILLE,Shasta,861,107,26947,59375,66818
MILPITAS,Santa Clara,69346,5106.1,34237,99072,102005
MINERAL,Tehama,222,5,32623,52500,70000
MINKLER,Fresno,1066,181.8,36435,81339,128482
MIRA MONTE,Ventura,7306,1598.7,39022,70905,96250
MIRANDA,Humboldt,536,358.8,30378,50144,36250
MISSION CANYON,Santa Barbara,2531,1668.4,56986,112717,128438
MISSION HILLS,Santa Barbara,3415,2778.7,36137,81250,84119
MISSION VIEJO,Orange,95246,5403.4,41513,98157,110723
MI-WUK VILLAGE,Tuolumne,1069,384.8,26306,49458,63036
MODESTO,Stanislaus,205984,4619.8,23034,47607,55289
MOHAWK VISTA,Plumas,109,9.1,75039,58500,NA
MOJAVE,Kern,4172,71.6,15847,34500,40484
MOKELUMNE HILL,Calaveras,635,206.2,39304,62396,80250
MONMOUTH,Fresno,184,597.4,15705,34500,44861
MONO CITY,Mono,67,12.4,11106,31500,NA
MONO VISTA,Tuolumne,1979,697.8,24568,46250,49412
MONROVIA,Los Angeles,37035,2722.2,34668,72034,86034
MONSON,Tulare,191,388.2,14281,41667,83083
MONTAGUE,Siskiyou,1504,845.9,20433,42500,54545
MONTALVIN MANOR,Contra Costa,3055,9487.6,22652,64778,73864
MONTARA,San Mateo,2880,742.7,49203,147568,148273
MONTCLAIR,San Bernardino,37685,6830.7,17881,48767,51184
MONTEBELLO,Los Angeles,63353,7602.7,20972,47562,55720
MONTECITO,Santa Barbara,9444,1010.5,83226,130129,160417
MONTEREY,Monterey,28053,3227.5,36812,64772,80615
MONTEREY PARK,Los Angeles,60966,7950.7,24637,54821,60209
MONTEREY PARK TRACT,Stanislaus,273,5808.5,13645,90134,NA
MONTE RIO,Sonoma,1031,541.5,27032,33681,63854
MONTE SERENO,Santa Clara,3462,2117.4,105597,187115,238606
MONTGOMERY CREEK,Shasta,123,37.8,27628,62708,62917
MONUMENT HILLS,Yolo,1469,364.7,47489,112344,112422
MOORPARK,Ventura,35033,2785,37016,99353,108628
MORADA,San Joaquin,4573,1534,35079,61270,71534
MORAGA,Contra Costa,16549,1748.4,60576,132651,163951
MORENO VALLEY,Riverside,198872,3878.5,17874,54229,55265
MORGAN HILL,Santa Clara,39875,3127.7,40972,96232,108037
MORONGO VALLEY,San Bernardino,3605,142.9,21607,32295,44787
MORRO BAY,San Luis Obispo,10383,1957.9,32613,50914,66378
MOSKOWITE CORNER,Napa,172,61.2,20858,49286,53750
MOSS BEACH,San Mateo,3435,1530.7,42240,81622,107083
MOSS LANDING,Monterey,200,502.5,17855,30500,37857
MOUNTAIN CENTER,Riverside,75,39.8,10727,NA,NA
MOUNTAIN GATE,Shasta,1153,582.6,18037,33906,53750
MOUNTAIN HOUSE,San Joaquin,12088,3785.8,29092,106119,108750
MOUNTAIN MESA,Kern,454,546.3,18583,38250,39313
MOUNTAIN RANCH,Calaveras,1369,33.2,27714,38630,57243
MOUNTAIN VIEW,Contra Costa,2299,7927.6,27903,43077,38400
MOUNTAIN VIEW,Santa Clara,76741,6398.8,56156,100028,119081
MOUNTAIN VIEW ACRES,San Bernardino,3502,2229.2,18119,55673,56521
MOUNT HEBRON,Siskiyou,88,123.4,9728,25368,26397
MOUNT HERMON,Santa Cruz,1027,1575.2,31268,48549,65893
MOUNT LAGUNA,San Diego,12,7.1,NA,NA,NA
MOUNT SHASTA,Siskiyou,3331,884.5,31179,43969,66667
MUIR BEACH,Marin,292,592.3,86269,161458,178333
MURPHYS,Calaveras,1884,182.5,35424,46885,62330
MURRIETA,Riverside,106326,3166.3,28719,74401,79996
MUSCOY,San Bernardino,11674,3714.3,9951,35660,37012
MYERS FLAT,Humboldt,57,131.9,NA,NA,NA
MYRTLETOWN,Humboldt,5225,2489.3,28725,61534,73558
NAPA,Napa,78511,4397.1,31185,64058,74981
NATIONAL CITY,San Diego,59543,8180.1,17143,39517,42531
NEEDLES,San Bernardino,4923,159.7,19001,33045,42031
NEVADA CITY,Nevada,3051,1394.4,35087,51685,51997
NEWARK,Alameda,43635,3144.9,31825,86521,91103
NEWCASTLE,Placer,1409,589,26616,45865,71912
NEW CUYAMA,Santa Barbara,591,837.1,14149,34000,45625
NEWELL,Modoc,429,178.2,6580,23182,23466
NEWMAN,Stanislaus,10553,5239.8,16012,43722,46780
NEW PINE CREEK,Modoc,84,36.8,35398,31023,NA
NEWPORT BEACH,Orange,86594,3641.8,78012,107991,153709
NICASIO,Marin,95,72.8,39938,96500,96000
NICE,Lake,2156,1247.7,20164,24149,36325
NICOLAUS,Sutter,205,65.3,50181,85625,100417
NILAND,Imperial,1063,2644.3,15828,17461,27854
NIPINNAWASEE,Madera,729,236.3,23511,66397,66544
NIPOMO,San Luis Obispo,17115,1152.3,27705,57185,68900
NORCO,Riverside,27143,1970.2,27702,85142,96631
NORD,Butte,239,113.5,18961,31923,76250
NORRIS CANYON,Contra Costa,1227,346.8,59374,196726,205625
NORTH AUBURN,Placer,14011,1793.8,25077,48052,60637
NORTH EDWARDS,Kern,966,75.8,21833,45658,53241
NORTH EL MONTE,Los Angeles,3924,9276.6,28164,69960,75426
NORTH FAIR OAKS,San Mateo,15181,12650.8,26426,63343,53176
NORTH GATE,Contra Costa,417,633.7,52891,96333,96250
NORTH HIGHLANDS,Sacramento,44899,5087.7,17401,40986,43243
NORTH LAKEPORT,Lake,2676,696,28998,52577,60625
NORTH RICHMOND,Contra Costa,3926,2788.4,16194,35288,45703
NORTH SAN JUAN,Nevada,281,116,14102,27417,28250
NORTH SHORE,Riverside,3184,284.9,9434,24853,30147
NORTH TUSTIN,Orange,25724,3891.1,59863,123270,140609
NORWALK,Los Angeles,106455,10964.6,19584,60523,63688
NOVATO,Marin,53451,1947.7,44724,76609,97081
NUBIEBER,Lassen,15,20,19160,NA,NA
NUEVO,Riverside,7345,1084.8,19329,59464,64185
OAKDALE,Stanislaus,21260,3517,24832,53785,60861
OAK GLEN,San Bernardino,694,46.7,24589,66923,73750
OAK HILLS,San Bernardino,10308,422.6,26761,74257,82961
OAKHURST,Madera,2482,413.9,21563,39709,46484
OAKLAND,Alameda,402339,7198.4,32566,52962,60472
OAKLEY,Contra Costa,37391,2355.6,27993,78597,83803
OAK PARK,Ventura,14512,2742.8,57470,117326,134178
OAK SHORES,San Luis Obispo,147,29,61129,81964,86364
OAK VIEW,Ventura,4347,2215.6,32723,72137,79375
OAKVILLE,Napa,59,43.4,9415,NA,NA
OASIS,Riverside,5807,295.8,7512,24293,24148
OCCIDENTAL,Sonoma,1155,232.6,54705,70172,86083
OCEANO,San Luis Obispo,7355,4800.9,20725,48629,46545
OCEANSIDE,San Diego,171400,4155,27009,58385,68203
OCOTILLO,Imperial,221,25,6672,21397,NA
OILDALE,Kern,33879,5185.8,17773,33818,35843
OJAI,Ventura,7558,1738.3,35231,60714,90000
OLANCHA,Inyo,287,36.6,26673,41974,94583
OLD FIG GARDEN,Fresno,5186,3139.2,41348,63358,78060
OLD STATION,Shasta,52,23.4,15327,NA,NA
OLIVEHURST,Yuba,13928,1867,15357,43044,44394
ONTARIO,San Bernardino,166892,3342.3,18601,54156,56017
ONYX,Kern,599,52.3,16946,27991,29330
ORANGE,Orange,138980,5480.7,31330,77086,85123
ORANGE COVE,Fresno,9473,5286.3,9734,27450,27868
ORANGEVALE,Sacramento,34449,2991.4,31241,65288,80068
ORCUTT,Santa Barbara,30266,2720.5,32246,71830,81016
ORICK,Humboldt,281,59.2,34279,32656,49583
ORINDA,Contra Costa,18390,1430.8,84985,166866,213021
ORLAND,Glenn,7451,2557,16179,38425,45858
OROSI,Tulare,8620,3524.1,10342,34464,33819
OROVILLE,Butte,16015,1209.9,18777,36581,42551
OROVILLE EAST,Butte,8782,400.4,24851,52944,67920
OXNARD,Ventura,201744,7499.5,20651,62349,62165
PACHECO,Contra Costa,4295,5796.2,30011,48024,53083
PACIFICA,San Mateo,38283,3023.5,44886,96875,113750
PACIFIC GROVE,Monterey,15365,5376.1,46690,70230,93302
PAJARO,Monterey,2957,3189.9,8779,29179,29643
PAJARO DUNES,Santa Cruz,269,105,59635,67250,67000
PALERMO,Butte,5419,185.8,21349,42371,55612
PALMDALE,Los Angeles,155810,1470.4,19438,54921,56351
PALM DESERT,Riverside,49953,1863.3,39275,52053,68893
PALM SPRINGS,Riverside,45827,487.3,36126,45497,55320
PALO ALTO,Santa Clara,65998,2764.5,75257,126771,167440
PALO CEDRO,Shasta,1626,442,35654,81000,84643
PALOS VERDES ESTATES,Los Angeles,13568,2842.1,87408,171328,203241
PALO VERDE,Imperial,17,28.8,NA,NA,NA
PANORAMA HEIGHTS,Tulare,38,80,22153,22500,41250
PARADISE,Butte,26246,1432.8,24573,41482,56119
PARADISE,Mono,235,54,35874,48864,80000
PARADISE PARK,Santa Cruz,542,1942.7,39762,62125,66875
PARAMOUNT,Los Angeles,54813,11588.4,14168,43784,43997
PARKLAWN,Stanislaus,1191,7174.7,13110,42105,43606
PARKSDALE,Madera,3114,1719.5,8111,30069,29604
PARKWAY,Sacramento,14756,6102.6,15622,33959,34570
PARKWOOD,Madera,2879,4124.6,10280,31908,27438
PARLIER,Fresno,14750,6452.3,11039,31832,30729
PASADENA,Los Angeles,139065,6050.8,41268,70845,88600
PASATIEMPO,Santa Cruz,1016,1149.3,98473,175536,183457
PASKENTA,Tehama,52,48.1,15448,36250,42750
PATTERSON,Stanislaus,20736,3482.7,18774,54422,58184
PATTERSON TRACT,Tulare,2041,1411.5,15433,37688,39500
PATTON VILLAGE,Lassen,592,178.2,26548,46477,47386
PAXTON,Plumas,0,0,NA,NA,NA
PAYNES CREEK,Tehama,41,12,28341,44375,93125
PEARSONVILLE,Inyo,23,5.6,26096,NA,NA
PENNGROVE,Sonoma,2928,727.6,49672,73430,104271
PENN VALLEY,Nevada,1599,753.9,20243,43750,58553
PENRYN,Placer,946,518.4,37080,80213,78315
PERRIS,Riverside,71377,2273.6,13516,48591,48265
PESCADERO,San Mateo,1046,259.8,24750,61161,57656
PETALUMA,Sonoma,58912,4096.2,35239,80590,89400
PETERS,San Joaquin,523,207,56941,116616,117195
PHELAN,San Bernardino,12947,215.4,22355,53093,59804
PHILLIPSVILLE,Humboldt,77,107.7,27396,23860,NA
PHILO,Mendocino,317,155.6,11234,16667,29333
PHOENIX LAKE,Tuolumne,4712,427.9,34735,75434,92652
PICO RIVERA,Los Angeles,63698,7678.2,18643,56576,62987
PIEDMONT,Alameda,10957,6445.3,101794,212222,247171
PIERPOINT,Tulare,23,56.4,NA,NA,NA
PIKE,Sierra,126,29.2,23885,35714,35000
PINE CANYON,Monterey,2243,672.4,26633,46683,47043
PINE FLAT,Tulare,130,111.9,26923,30625,62143
PINE GROVE,Amador,1865,267.7,30314,48571,64375
PINE HILLS,Humboldt,3160,312.3,32080,52438,56406
PINE MOUNTAIN CLUB,Kern,1890,112.1,34312,45911,57872
PINE MOUNTAIN LAKE,Tuolumne,2422,127.7,31321,51604,59848
PINE VALLEY,San Diego,1554,217.3,35479,100085,100557
PINOLE,Contra Costa,18754,3641.6,34219,74379,82679
PIÑON HILLS,San Bernardino,6654,207.2,25501,42210,57723
PIONEER,Amador,1237,287.3,35596,42614,75104
PIRU,Ventura,2078,736.9,17001,46601,47281
PISMO BEACH,San Luis Obispo,7789,2164.2,37657,67500,88041
PITTSBURG,Contra Costa,65761,3826,23330,60376,64521
PIXLEY,Tulare,3769,1210.3,9889,28179,29702
PLACENTIA,Orange,51860,7840.9,30218,79275,87403
PLACERVILLE,El Dorado,10415,1792,24801,46199,59158
PLAINVIEW,Tulare,858,2776.7,6873,25938,26042
PLANADA,Merced,4465,2831.3,13072,35690,36056
PLEASANT HILL,Contra Costa,33842,4782.6,43580,81556,108900
PLEASANTON,Alameda,73164,2995.2,50972,123608,140311
PLEASURE POINT,Santa Cruz,6004,7973.4,38471,57462,60078
PLUMAS EUREKA,Plumas,265,66.7,56948,63611,63472
PLUMAS LAKE,Yuba,6380,760.9,24080,78333,75400
PLYMOUTH,Amador,1185,1272.8,20681,44531,56042
POINT ARENA,Mendocino,405,300,18534,30000,47500
POINT REYES STATION,Marin,848,234.5,39984,36597,88098
POLLOCK PINES,El Dorado,6540,824.9,31164,49044,57396
POMONA,Los Angeles,151142,6585.1,17041,48993,50475
PONDEROSA,Tulare,100,123,61992,NA,NA
POPLAR-COTTON CENTER,Tulare,2764,2154.3,9980,21434,21500
PORT COSTA,Contra Costa,302,1911.4,54767,94018,88859
PORTERVILLE,Tulare,54949,3120.7,17330,41267,43657
PORT HUENEME,Ventura,21949,4931.3,22352,52826,54966
PORTOLA,Plumas,2710,501.2,21747,34134,36375
PORTOLA VALLEY,San Mateo,4478,492.2,152128,182381,NA
POSEY,Tulare,8,22.4,15638,NA,NA
POSO PARK,Tulare,4,90.9,NA,NA,NA
POTRERO,San Diego,693,220.1,12354,29554,37878
POTTER VALLEY,Mendocino,509,126.3,24767,64500,91442
POWAY,San Diego,49040,1254.9,40681,96315,109110
PRATTVILLE,Plumas,12,19.9,NA,NA,NA
PRINCETON,Colusa,232,126.4,29977,63929,75938
PROBERTA,Tehama,280,195.7,24271,34477,33727
PRUNEDALE,Monterey,18574,403.3,29138,72933,79802
QUARTZ HILL,Los Angeles,11002,2923.7,24681,53929,61990
QUINCY,Plumas,1439,340.8,27394,46875,67708
RACKERBY,Butte,139,47.1,25837,48125,53750
RAIL ROAD FLAT,Calaveras,369,11.2,20788,29922,34145
RAINBOW,San Diego,1678,152,30720,54408,76250
RAISIN CITY,Fresno,232,305.3,10661,18750,12143
RAMONA,San Diego,21578,561.8,24863,62919,69171
RANCHO CALAVERAS,Calaveras,5736,684.8,24281,56607,62371
RANCHO CORDOVA,Sacramento,67167,1927.2,24462,53563,58979
RANCHO CUCAMONGA,San Bernardino,170170,4268.8,31528,77061,88529
RANCHO MIRAGE,Riverside,17634,720.8,62814,71688,99677
RANCHO MURIETA,Sacramento,5804,488.3,53085,103750,116284
RANCHO PALOS VERDES,Los Angeles,42282,3140.1,57201,120697,137506
RANCHO SAN DIEGO,San Diego,21514,2472.6,38339,80591,92779
RANCHO SANTA FE,San Diego,2838,422.6,68119,101250,132054
RANCHO SANTA MARGARITA,Orange,48758,3780.6,42768,104952,120863
RANCHO TEHAMA RESERVE,Tehama,2300,197.6,14720,26046,23787
RANDSBURG,Kern,128,67.2,27320,26813,NA
RED BLUFF,Tehama,14069,1860.2,16505,32393,37926
RED CORRAL,Amador,1601,274,23210,30431,65469
REDCREST,Humboldt,52,87,17604,28750,21875
REDDING,Shasta,90725,1521,23893,43773,56506
REDLANDS,San Bernardino,69787,1936.9,31745,67112,85484
REDONDO BEACH,Los Angeles,67511,10892.4,52775,103064,123561
REDWAY,Humboldt,1132,904.9,19209,37882,50758
REDWOOD CITY,San Mateo,79736,4099.1,42063,81955,98149
REDWOOD VALLEY,Mendocino,1814,663,22656,78340,72577
REEDLEY,Fresno,24858,4839,16966,46002,45891
RELIEZ VALLEY,Contra Costa,3677,1558.7,77832,126458,131161
RIALTO,San Bernardino,101367,4536.9,16206,50277,52595
RICHFIELD,Tehama,278,496.4,25302,42500,46000
RICHGROVE,Tulare,3006,6650.4,8827,29792,29750
RICHMOND,Contra Costa,106469,3542.8,25769,54857,59976
RICHVALE,Butte,86,92.8,131735,77734,NA
RIDGECREST,Kern,28282,1361.9,27954,61480,70645
RIDGEMARK,San Benito,3471,1350.6,44974,100690,117672
RIO DELL,Humboldt,3373,1478.7,25645,39692,40733
RIO DEL MAR,Santa Cruz,9240,3080,53990,95938,125740
RIO LINDA,Sacramento,14581,1470,21131,50873,55063
RIO OSO,Sutter,428,65.6,32343,66250,90500
RIO VISTA,Solano,7646,1152.2,33919,62616,70045
RIPLEY,Riverside,659,387.4,10612,16522,17917
RIPON,San Joaquin,14645,2760.6,32213,75420,88176
RIVERBANK,Stanislaus,23310,5696.5,20646,59183,62366
RIVERDALE,Fresno,3881,988.8,12580,48350,44356
RIVERDALE PARK,Stanislaus,922,641.6,9263,26838,25392
RIVER PINES,Amador,309,844.3,12511,48285,NA
RIVERSIDE,Riverside,313041,3856.2,22212,56089,63418
ROBBINS,Sutter,355,136.9,19788,38158,42750
ROBINSON MILL,Butte,0,0,NA,NA,NA
ROCKLIN,Placer,59002,3018.8,35200,79274,91946
RODEO,Contra Costa,9648,2575.5,27318,68701,78949
RODRIGUEZ CAMP,Tulare,192,730,4581,27596,28365
ROHNERT PARK,Sonoma,41352,5904.9,27021,57557,71590
ROLLING HILLS,Los Angeles,1689,564.7,117241,218583,227250
ROLLING HILLS,Madera,921,1555.7,37133,100774,114107
ROLLING HILLS ESTATES,Los Angeles,8184,2293.1,66681,136477,154043
ROLLINGWOOD,Contra Costa,2832,16658.8,14782,48974,51250
ROMOLAND,Riverside,1682,636.2,16795,61232,60540
ROSAMOND,Kern,18658,358,21792,59099,61613
ROSEDALE,Kern,14826,502.2,42818,111273,121866
ROSE HILLS,Los Angeles,3260,7426,44614,94764,108438
ROSELAND,Sonoma,5556,5885.6,20167,53364,55677
ROSEMEAD,Los Angeles,54457,10549.6,17129,44524,44868
ROSEMONT,Sacramento,22824,5249.3,24417,54384,59959
ROSEVILLE,Placer,124250,2943.5,34514,76712,94461
ROSS,Marin,2227,1431.2,95706,186477,200833
ROSSMOOR,Orange,10816,7009.7,52267,114239,135833
ROUGH AND READY,Nevada,1195,376.6,22190,42268,75978
ROUND MOUNTAIN,Shasta,126,75.1,28929,22115,34688
ROUND VALLEY,Inyo,436,31.6,21687,45833,55625
ROUSE,Stanislaus,1757,7382.4,9395,23618,23026
ROWLAND HEIGHTS,Los Angeles,51597,3946.2,25845,61375,64678
RUNNING SPRINGS,San Bernardino,4833,1149.6,28253,69412,80905
RUTH,Trinity,164,4.2,19787,24028,76250
RUTHERFORD,Napa,219,130.4,35604,62024,102222
SACRAMENTO,Sacramento,476075,4861.7,26060,50013,57200
ST. HELENA,Napa,5895,1182.1,47794,78421,95000
SALIDA,Stanislaus,14509,2694.3,22428,72872,80594
SALINAS,Monterey,154077,6525.9,17810,49728,51426
SALMON CREEK,Sonoma,59,53,34354,34783,NA
SALTON CITY,Imperial,3867,180.4,16319,33906,35320
SALTON SEA BEACH,Imperial,757,2515,13722,19934,26944
SAMOA,Humboldt,305,364.4,23614,52778,49464
SAN ANDREAS,Calaveras,2829,337.7,22518,40613,50500
SAN ANSELMO,Marin,12527,4679.5,56821,100681,122857
SAN ANTONIO HEIGHTS,San Bernardino,3097,1260,57021,95250,109766
SAN ARDO,Monterey,647,1441,12899,42333,50438
SAN BERNARDINO,San Bernardino,213044,3463.7,14759,38774,40305
SAN BRUNO,San Mateo,42090,7707.4,35866,81420,89805
SAN BUENAVENTURA (VENTURA),Ventura,108449,4971.1,33180,66485,81446
SAN CARLOS,San Mateo,29166,5278,62548,125747,158853
SAN CLEMENTE,Orange,64673,3523.3,48063,91749,113018
SAND CITY,Monterey,355,631.7,25884,34659,34750
SAN DIEGO,San Diego,1341510,4125.3,33789,65753,78414
SAN DIEGO COUNTRY ESTATES,San Diego,10191,604.8,36448,100849,103806
SAN DIMAS,Los Angeles,33896,2254.2,35345,78911,92140
SAN FERNANDO,Los Angeles,24050,10130.6,17766,55044,56482
SAN FRANCISCO,San Francisco,829072,17680.1,49986,78378,93391
SAN GABRIEL,Los Angeles,40173,9691.9,25047,56238,62144
SANGER,Fresno,24587,4298.4,16620,42094,50206
SAN GERONIMO,Marin,369,244.7,52139,79485,89107
SAN JACINTO,Riverside,45497,1769.1,17350,46714,52111
SAN JOAQUIN,Fresno,4010,3350,7519,25545,24583
SAN JOSE,Santa Clara,986320,5586,34992,83787,92379
SAN JUAN BAUTISTA,San Benito,2219,3121,26097,57717,59321
SAN JUAN CAPISTRANO,Orange,35562,2498.2,37917,72568,82399
SAN LEANDRO,Alameda,87159,6530.2,29442,64279,76781
SAN LORENZO,Alameda,24563,8873.9,26755,74283,80149
SAN LUCAS,Monterey,243,616.8,13289,45417,51250
SAN LUIS OBISPO,San Luis Obispo,45911,3496.6,26377,44894,78641
SAN MARCOS,San Diego,87808,3603.9,24789,56139,63866
SAN MARINO,Los Angeles,13294,3529.1,72861,119300,154050
SAN MARTIN,Santa Clara,7081,610.7,40075,107966,121154
SAN MATEO,San Mateo,100114,8253.4,46782,90087,106876
SAN MIGUEL,Contra Costa,3355,3195.2,57644,136346,157768
SAN MIGUEL,San Luis Obispo,2638,1571.2,19793,47875,42692
SAN PABLO,Contra Costa,29516,11222.8,16874,42746,47666
SAN PASQUAL,Los Angeles,2143,8403.9,56601,103409,110833
SAN RAFAEL,Marin,58588,3536.4,46075,75668,96660
SAN RAMON,Contra Costa,73826,3971.1,51569,129062,151494
SAN SIMEON,San Luis Obispo,477,598.5,18990,33889,53796
SANTA ANA,Orange,331266,12203.1,16345,52519,50505
SANTA BARBARA,Santa Barbara,89669,4600.8,37692,65916,82769
SANTA CLARA,Santa Clara,119525,6492.7,41222,93840,109672
SANTA CLARITA,Los Angeles,179030,3395.2,33879,83178,90819
SANTA CRUZ,Santa Cruz,62045,4870.1,29177,61533,79431
SANTA FE SPRINGS,Los Angeles,16859,1900.2,20761,51786,63333
SANTA MARGARITA,San Luis Obispo,1231,2381,28335,51453,65104
SANTA MARIA,Santa Barbara,101468,4454.3,18509,50753,52515
SANTA MONICA,Los Angeles,91619,10887.6,58252,74534,113956
SANTA NELLA,Merced,1164,255.3,19860,30000,43281
SANTA PAULA,Ventura,29990,6529.5,20303,53692,58110
SANTA ROSA,Sonoma,170782,4136,29890,60758,69921
SANTA ROSA VALLEY,Ventura,3422,494.4,67083,162639,175466
SANTA SUSANA,Ventura,989,888.6,35603,87386,100750
SANTA VENETIA,Marin,5017,1370.4,34564,81583,98939
SANTA YNEZ,Santa Barbara,4909,955.8,43990,97911,99519
SANTEE,San Diego,55435,3415.6,30531,74213,86397
SARANAP,Contra Costa,5591,4930.3,49107,102054,131675
SARATOGA,Santa Clara,30627,2454.3,77667,167917,197332
SATICOY,Ventura,1212,3258.1,11926,35926,33207
SATTLEY,Sierra,74,36.2,49272,NA,NA
SAUSALITO,Marin,7043,3976.8,89751,111702,180898
SCOTIA,Humboldt,864,1158.2,23080,54605,54028
SCOTTS VALLEY,Santa Cruz,11711,2535.9,44459,102927,115324
SEACLIFF,Santa Cruz,3373,4397.7,33424,61437,68271
SEAL BEACH,Orange,24477,2166.7,46617,54026,92352
SEA RANCH,Sonoma,983,60.9,46759,59375,77885
SEARLES VALLEY,San Bernardino,1597,152.2,22999,30478,46023
SEASIDE,Monterey,33729,3650.3,21548,52538,53926
SEBASTOPOL,Sonoma,7535,4051.1,35094,52326,67782
SEELEY,Imperial,1214,1001.7,13570,26761,42708
SELMA,Fresno,23808,4633.7,15292,43143,44226
SEQUOIA CREST,Tulare,26,25.4,NA,NA,NA
SERENO DEL MAR,Sonoma,51,69.2,71720,123611,NA
SEVILLE,Tulare,437,687.1,9214,34219,32813
SHAFTER,Kern,17261,617.7,14563,41107,41663
SHANDON,San Luis Obispo,1323,448.5,22883,59236,57639
SHASTA,Shasta,1814,165.2,31400,61042,72400
SHASTA LAKE,Shasta,10143,928.8,20337,40295,50343
SHAVER LAKE,Fresno,735,22.8,41103,80481,97188
SHELL RIDGE,Contra Costa,1139,2648.8,54179,120163,121630
SHELTER COVE,Humboldt,516,88.5,50193,23480,24459
SHERIDAN,Placer,1465,56.3,18223,47719,59712
SHINGLE SPRINGS,El Dorado,4562,555.7,35567,82788,82740
SHINGLETOWN,Shasta,2241,90.9,23742,50491,58856
SHOSHONE,Inyo,22,0.8,40018,NA,NA
SIERRA BROOKS,Sierra,418,305.1,27876,41250,70417
SIERRA CITY,Sierra,263,122.3,64830,123846,148000
SIERRA MADRE,Los Angeles,11060,3745.3,48923,90780,111389
SIERRA VILLAGE,Tuolumne,612,242.4,24564,50024,52091
SIERRAVILLE,Sierra,133,26.5,14649,32500,NA
SIGNAL HILL,Los Angeles,11245,5167.7,30387,67320,65851
SILVERADO RESORT,Napa,1074,568,89910,161739,168869
SILVER CITY,Tulare,0,0,NA,NA,NA
SILVER LAKES,San Bernardino,5706,1102.8,26377,66703,77791
SIMI VALLEY,Ventura,125699,3030.6,37279,89595,98394
SISQUOC,Santa Barbara,276,123.8,16611,43750,62500
SKY VALLEY,Riverside,2493,102.5,21593,34107,50391
SLEEPY HOLLOW,Marin,2584,865.1,88551,189688,220750
SMARTSVILLE,Yuba,143,199.4,19583,26100,27400
SMITH CORNER,Kern,661,3004.5,9508,36063,36438
SMITH RIVER,Del Norte,871,219.4,15985,32426,34583
SNELLING,Merced,116,214.8,24639,38333,70750
SODA BAY,Lake,1369,1065.4,32831,57450,56716
SODA SPRINGS,Nevada,80,237.4,22734,28917,NA
SOLANA BEACH,San Diego,13146,3734.7,59225,90579,112217
SOLEDAD,Monterey,26008,5892.2,9701,46010,46651
SOLVANG,Santa Barbara,5345,2204.1,39334,66511,77159
SONOMA,Sonoma,10818,3942.4,45197,66951,96064
SONORA,Tuolumne,4844,1531.5,25174,32985,46597
SOQUEL,Santa Cruz,10275,2234.7,36612,78703,95208
SOULSBYVILLE,Tuolumne,2020,671.1,28916,74250,74864
SOUTH DOS PALOS,Merced,2464,1605.2,12459,44180,50865
SOUTH EL MONTE,Los Angeles,20375,7166.7,14926,44498,47702
SOUTH GATE,Los Angeles,95515,13200,14256,43526,44947
SOUTH LAKE TAHOE,El Dorado,21394,2106.1,23865,41380,52885
SOUTH MONROVIA ISLAND,Los Angeles,6929,12644.2,17824,57012,57329
SOUTH OROVILLE,Butte,6058,2065.5,10946,33605,33978
SOUTH PASADENA,Los Angeles,25914,7610.6,46649,80479,107015
SOUTH SAN FRANCISCO,San Mateo,65537,7140.7,32269,78101,89186
SOUTH SAN GABRIEL,Los Angeles,8281,9941.2,23693,66958,72007
SOUTH SAN JOSE HILLS,Los Angeles,21012,13933.7,14020,58154,56408
SOUTH TAFT,Kern,1680,1561.3,13453,39784,40365
SOUTH WHITTIER,Los Angeles,58328,10929,20659,64112,65778
SPAULDING,Lassen,197,59.2,26594,54722,64643
SPRECKELS,Monterey,939,7696.7,29268,80288,97083
SPRING GARDEN,Plumas,0,0,NA,NA,NA
SPRING VALLEY,Lake,1000,202.6,17196,27404,31354
SPRING VALLEY,San Diego,29841,4165.4,26104,64517,68285
SPRING VALLEY LAKE,San Bernardino,7816,2631.6,26121,59040,73575
SPRINGVILLE,Tulare,502,120,24696,35038,60625
SQUAW VALLEY,Fresno,2450,43.3,24659,63629,68948
SQUIRREL MOUNTAIN VALLEY,Kern,372,521.7,39483,42596,43990
STALLION SPRINGS,Kern,2983,181.6,32696,55903,63306
STANFORD,Santa Clara,13506,4945.4,30200,51622,173750
STANTON,Orange,38455,12416.9,18870,45842,47509
STEVENSON RANCH,Los Angeles,18832,2962.4,47057,114555,125459
STEVINSON,Merced,171,151.3,26693,52250,72917
STINSON BEACH,Marin,425,294.9,60870,108571,123309
STIRLING CITY,Butte,154,130.8,31496,97792,97792
STOCKTON,San Joaquin,297223,4819.8,19927,45347,50166
STONYFORD,Colusa,283,97.7,19104,50833,58750
STORRIE,Plumas,0,0,NA,NA,NA
STRATFORD,Kings,1301,1904.8,9288,23750,21579
STRATHMORE,Tulare,3626,2578.9,9913,26250,22398
STRAWBERRY,Marin,5684,4312.6,65102,87870,103676
STRAWBERRY,Tuolumne,228,437.6,16877,NA,NA
SUGARLOAF MOUNTAIN PARK,Tulare,0,0,NA,NA,NA
SUGARLOAF SAW MILL,Tulare,0,0,NA,NA,NA
SUGARLOAF VILLAGE,Tulare,9,134.3,27122,21250,NA
SUISUN CITY,Solano,28627,6973.7,25809,71306,76051
SULTANA,Tulare,813,1831.1,9019,24282,24176
SUMMERLAND,Santa Barbara,1575,794.3,65173,89050,106763
SUNNYSIDE,Fresno,4159,2158.3,31299,63222,65323
SUNNYSIDE-TAHOE CITY,Placer,1845,545.9,33019,69330,93000
SUNNY SLOPES,Mono,137,72.7,69329,135438,NA
SUNNYVALE,Santa Clara,145921,6637.9,48203,103257,117982
SUNOL,Alameda,956,34.4,51704,82750,96071
SUN VILLAGE,Los Angeles,11613,1087.5,17065,57840,59753
SUSANVILLE,Lassen,16537,2081.4,15350,49430,69871
SUTTER,Sutter,2959,974.6,29639,64671,64833
SUTTER CREEK,Amador,2271,865.8,30601,41071,70250
SWALL MEADOWS,Mono,259,58,35984,72083,81563
TAFT,Kern,9063,593.8,19016,50991,56886
TAFT HEIGHTS,Kern,2612,8824.3,19555,54505,53302
TAFT MOSSWOOD,San Joaquin,1398,2955.6,11291,31829,33400
TAHOE VISTA,Placer,1332,490.4,27463,53068,59676
TAHOMA,El DoradoPlacer,959,369.7,32244,50568,53438
TALMAGE,Mendocino,1335,839.6,20095,69853,81944
TAMALPAIS-HOMESTEAD VALLEY,Marin,10331,2205.1,70073,138598,162628
TARA HILLS,Contra Costa,4767,7168.4,23890,57708,62143
TARPEY VILLAGE,Fresno,3246,4032.3,21394,58641,71833
TAYLORSVILLE,Plumas,185,57,56136,76176,NA
TECOPA,Inyo,115,6.2,11688,12000,20714
TEHACHAPI,Kern,13818,1399.3,16613,42654,57389
TEHAMA,Tehama,397,500,22452,47679,49286
TEMECULA,Riverside,104955,2820.5,28630,78535,86773
TEMELEC,Sonoma,1505,947.7,65456,40000,66304
TEMESCAL VALLEY,Riverside,24714,1282.1,34390,89259,96162
TEMPLE CITY,Los Angeles,36006,8988,27403,63803,73210
TEMPLETON,San Luis Obispo,7753,987.4,33281,72854,88650
TENNANT,Siskiyou,115,473.3,10137,14934,15865
TERMINOUS,San Joaquin,409,418.6,47117,53636,65865
TERRA BELLA,Tulare,2912,1070.2,7919,24489,25352
TEVISTON,Tulare,1823,839.7,8812,24267,22850
THERMAL,Riverside,3570,377.7,10647,26344,23481
THERMALITO,Butte,6911,544,14509,35156,35958
THORNTON,San Joaquin,748,350.7,14204,33500,33646
THOUSAND OAKS,Ventura,128126,2321.8,46231,99115,116599
THOUSAND PALMS,Riverside,7956,336.6,20191,43813,45830
THREE RIVERS,Tulare,2278,51.2,33420,43913,67125
THREE ROCKS,Fresno,51,68,8131,NA,NA
TIBURON,Marin,9100,2046.8,99710,130661,170915
TIMBER COVE,Sonoma,132,23.4,37758,34554,64375
TIPTON,Tulare,2327,2304,9892,32239,32716
TOBIN,Plumas,12,2.4,NA,NA,NA
TOMALES,Marin,155,466.9,38493,38480,NA
TONYVILLE,Tulare,764,15280,16311,49934,49934
TOOLEVILLE,Tulare,387,5776.1,13664,29125,24766
TOPANGA,Los Angeles,8923,466.5,62434,115518,125946
TOPAZ,Mono,123,40.1,12633,NA,NA
TORO CANYON,Santa Barbara,1476,412.5,57476,72500,103056
TORRANCE,Los Angeles,147181,7187.3,36876,78286,94077
TRACY,San Joaquin,84573,3748.5,26121,74748,80439
TRANQUILLITY,Fresno,897,1453.8,11432,24919,26528
TRAVER,Tulare,910,1079.5,12035,38359,31563
TRES PINOS,San Benito,457,127.1,40395,75893,124000
TRINIDAD,Humboldt,236,486.6,34981,42917,83750
TRINITY CENTER,Trinity,239,45.7,24426,26859,26830
TRINITY VILLAGE,Trinity,211,52.6,25325,32292,33571
TRONA,Inyo,0,0,NA,NA,NA
TROWBRIDGE,Sutter,184,27.3,19087,52917,78750
TRUCKEE,Nevada,16191,500.9,37117,72159,82356
TULARE,Tulare,60663,2977.3,18336,46387,50690
TULELAKE,Siskiyou,1029,2509.8,17233,35208,35227
TUOLUMNE CITY,Tuolumne,1824,782.2,21238,33030,34821
TUPMAN,Kern,176,333.3,16889,45313,45938
TURLOCK,Stanislaus,69875,4127.8,22847,51594,59645
TUSTIN,Orange,77765,6988.2,31392,71105,77327
TUTTLE,Merced,17,9.7,NA,NA,NA
TUTTLETOWN,Tuolumne,949,129.1,35006,47794,60724
TWAIN,Plumas,0,0,NA,NA,NA
TWAIN HARTE,Tuolumne,2374,641.8,29206,43625,58939
TWENTYNINE PALMS,San Bernardino,25601,432.9,20510,40890,42914
TWIN LAKES,Santa Cruz,5212,7553.6,33493,50933,72432
UKIAH,Mendocino,15956,3416.7,23443,42237,53145
UNION CITY,Alameda,71675,3694.6,30158,82564,93050
"UNIVERSITY OF CALIFORNIA, DAVIS",Yolo,6735,4603.6,6412,25462,29095
"UNIVERSITY OF CALIFORNIA, MERCED",Merced,0,0,NA,NA,NA
UPLAND,San Bernardino,75089,4808.2,29064,61551,68353
UPPER LAKE,Lake,755,448.9,18717,32438,47880
VACAVILLE,Solano,93994,3311.6,30111,74207,85931
VALINDA,Los Angeles,23818,11826.2,17809,66697,67367
VALLECITO,Calaveras,573,66.9,28131,83487,84375
VALLEJO,Solano,118078,3849.8,25945,58472,67543
VALLE VISTA,Riverside,15995,2328.9,20501,40010,46584
VALLEY ACRES,Kern,717,173.9,28066,47466,60938
VALLEY CENTER,San Diego,9872,360,31746,85176,94094
VALLEY FORD,Sonoma,167,63.2,9490,9312,NA
VALLEY HOME,Stanislaus,292,284.9,16302,36964,37321
VALLEY RANCH,Plumas,68,59.8,44196,115000,115000
VALLEY SPRINGS,Calaveras,3631,367.8,28566,67827,71964
VALLEY WELLS,Inyo,0,0,NA,NA,NA
VAL VERDE,Los Angeles,2550,994.2,19594,68017,69856
VANDENBERG AFB,Santa Barbara,3464,157.2,20710,61308,60260
VANDENBERG VILLAGE,Santa Barbara,7133,1359.4,34667,77551,98265
VERDI,Sierra,92,22,11680,4853,NA
VERNON,Los Angeles,59,11.9,19973,38500,38250
VICTOR,San Joaquin,605,482.1,7873,19259,35250
VICTORVILLE,San Bernardino,119603,1631,15873,47142,50608
VIEW PARK-WINDSOR HILLS,Los Angeles,11374,6178.2,44586,76461,109939
VILLA PARK,Orange,5911,2843.2,65733,150864,157910
VINA,Tehama,161,119.1,17404,26250,24821
VINCENT,Los Angeles,17687,12015.6,20142,76682,74880
VINE HILL,Contra Costa,4296,2860.2,21948,62857,65729
VINEYARD,Sacramento,25640,1490.4,26688,76084,78987
VISALIA,Tulare,126942,3407.1,22885,52262,56766
VISTA,San Diego,96181,5148.9,21161,47782,53505
VISTA SANTA ROSA,Riverside,2815,174.6,15530,52713,49688
VOLCANO,Amador,0,0,NA,NA,NA
VOLTA,Merced,257,58.8,19853,42464,63500
WALKER,Mono,540,29.3,39294,63889,77461
WALLACE,Calaveras,682,157.1,53687,72120,105056
WALNUT,Los Angeles,29822,3316.5,35064,100934,107750
WALNUT CREEK,Contra Costa,65923,3336.4,51998,80399,112114
WALNUT GROVE,Sacramento,1137,111.5,32844,65463,70240
WALNUT PARK,Los Angeles,16039,21442.5,13044,41202,41809
WARM SPRINGS,Riverside,3163,2132.8,20851,80042,75714
WARNER VALLEY,Plumas,5,0.3,NA,NA,NA
WASCO,Kern,25865,2744,10931,39273,40437
WASHINGTON,Nevada,17,8.9,NA,NA,NA
WATERFORD,Stanislaus,8579,3685.1,15757,44660,49583
WATERLOO,San Joaquin,384,70.7,36472,132125,143083
WATSONVILLE,Santa Cruz,52085,7787.8,17377,46691,48957
WAUKENA,Tulare,173,183.7,18462,46750,66094
WAWONA,Mariposa,167,26.3,16110,47656,7308
WEAVERVILLE,Trinity,3294,316,24043,42165,52712
WEED,Siskiyou,2937,613.2,14202,29200,37639
WEEDPATCH,Kern,2170,610.1,9981,28075,28636
WELDON,Kern,2604,97.7,19074,30988,46875
WEOTT,Humboldt,152,202.4,27832,93393,93393
WEST ATHENS,Los Angeles,8615,6448.4,16499,38371,41473
WEST BISHOP,Inyo,2865,327.1,37527,83125,93571
WEST CARSON,Los Angeles,20766,9164.2,28307,62414,72548
WEST COVINA,Los Angeles,107441,6697.9,24944,67069,72751
WEST GOSHEN,Tulare,633,537.4,7653,20350,14572
WESTHAVEN-MOONSTONE,Humboldt,962,118.9,30340,54261,60750
WEST HOLLYWOOD,Los Angeles,35053,18576,54352,56025,70438
WESTLAKE VILLAGE,Los Angeles,8393,1618.7,62394,115550,145106
WESTLEY,Stanislaus,853,489.4,7011,18462,18462
WEST MENLO PARK,San Mateo,3743,7685.8,82841,169798,192250
WESTMINSTER,Orange,91255,9086.4,22821,53660,57262
WEST MODESTO,Stanislaus,5534,2786.5,12356,27297,28103
WESTMONT,Los Angeles,30835,16685.6,14176,27072,31813
WESTMORLAND,Imperial,1747,2961,11257,22372,24464
WEST PARK,Fresno,792,442,14550,36389,38167
WEST POINT,Calaveras,743,199.8,17924,28262,29022
WEST PUENTE VALLEY,Los Angeles,23868,12770.5,17005,62669,65052
WEST RANCHO DOMINGUEZ,Los Angeles,21739,5470.3,16783,44909,48736
WEST SACRAMENTO,Yolo,49946,2323.5,25081,53307,62905
WEST WHITTIER-LOS NIETOS,Los Angeles,26590,10555.8,19949,62486,65326
WESTWOOD,Lassen,1509,277.6,20710,33452,54135
WHEATLAND,Yuba,3494,2143.6,21363,61370,66347
WHITEHAWK,Plumas,41,15.9,37346,76944,NA
WHITEWATER,Riverside,469,47.5,13003,15500,34375
WHITLEY GARDENS,San Luis Obispo,166,120.6,47110,85385,103971
WHITTIER,Los Angeles,86400,5898,27632,65583,74628
WILDOMAR,Riverside,33601,1418.5,22380,60816,63592
WILKERSON,Inyo,550,96,32961,73125,76750
WILLIAMS,Colusa,5166,948.9,18878,54069,56232
WILLITS,Mendocino,4853,1734.5,18502,34186,50233
WILLOWBROOK,Los Angeles,20897,13508.1,11840,37760,37750
WILLOW CREEK,Humboldt,1425,47,18701,35607,53523
WILLOWS,Glenn,6118,2148.9,24044,38730,59952
WILSONIA,Tulare,0,0,NA,NA,NA
WILTON,Sacramento,4670,161,36737,81250,99135
WINCHESTER,Riverside,2717,351.4,26244,57935,59293
WINDSOR,Sonoma,27113,3730.5,33615,81442,93921
WINTER GARDENS,San Diego,20346,4593.8,26701,61759,66738
WINTERHAVEN,Imperial,151,618.9,17087,21793,NA
WINTERS,Yolo,6843,2331.5,27983,59856,67422
WINTON,Merced,11774,3871.8,13230,41091,41203
WOFFORD HEIGHTS,Kern,2043,337.3,23742,30500,43750
WOODACRE,Marin,1778,989.4,50853,88657,104783
WOODBRIDGE,San Joaquin,3973,1318.6,34483,72452,91701
WOODCREST,Riverside,15951,1397.9,29068,86095,88207
WOODLAKE,Tulare,7452,3227.4,12469,35509,37711
WOODLAND,Yolo,56390,3684.2,25149,54532,66901
WOODLANDS,San Luis Obispo,448,271.2,59986,79864,88864
WOODSIDE,San Mateo,5427,462.6,125559,206528,242143
WOODVILLE,Tulare,1961,450.6,11897,34750,31071
WRIGHTWOOD,San Bernardino,4452,751.3,29168,55697,57139
YANKEE HILL,Butte,242,40.2,21555,33500,53875
YETTEM,Tulare,285,1862.7,7478,NA,NA
YOLO,Yolo,561,406.5,22830,75089,90764
YORBA LINDA,Orange,66335,3434.6,47852,115994,128542
YOSEMITE LAKES,Madera,4668,223.3,34430,59750,69583
YOSEMITE VALLEY,Mariposa,877,425.9,26579,37250,111875
YOUNTVILLE,Napa,2977,1944.5,51554,65568,90391
YREKA,Siskiyou,7675,768.7,18142,26385,31728
YUBA CITY,Sutter,65141,4446.8,23038,50494,56734
YUCAIPA,San Bernardino,52406,1845.2,26103,58506,69098
YUCCA VALLEY,San Bernardino,21083,526.9,20643,43086,53767
ZAYANTE,Santa Cruz,853,313,31533,81308,93490
